payment_id,provider,amount,currency,status,order_id,timestamp
STR-4C58515F,stripe,389.2,USD,success,ORD-2076EFC5,2025-07-17T08:48:12Z
FAS-6073EE88,fastpay,19245,USD,paid,ORD-C8D704DA,1779456571
PAY-8C8E3A05,paypal,108.57,GBP,COMPLETED,ORD-39D31ABC,12/07/2025 03:24
STR-6E3EDCC3,stripe,5.62,USD,success,ORD-86A3EAC2,2025-08-23T02:39:50Z
PAY-2DF52A02,paypal,235.37,GBP,DENIED,ORD-D7C93711,13/09/2025 22:16
FAS-2680C7B3,fastpay,6034,GBP,declined,ORD-AFB4BC5D,1768854523
FAS-A55B6614,fastpay,15586,USD,paid,ORD-1BE3FF97,1770750844
STR-603A1124,stripe,101.65,EUR,failure,ORD-3CF55BAD,2025-08-12T22:42:12Z
PAY-9ED1BF4A,paypal,67.1,GBP,DENIED,ORD-8DA2A41F,20/05/2026 12:10
PAY-6664AC35,paypal,395.75,GBP,COMPLETED,ORD-7C23DF75,21/09/2025 21:53
FAS-F455E18B,fastpay,23567,USD,paid,ORD-BE2E864D,1750544889
STR-E7C84279,stripe,45.93,GBP,failure,ORD-FFE907CA,2025-09-05T21:16:06Z
FAS-6E1735FB,fastpay,8513,EUR,paid,ORD-AD4BA180,1758045698
PAY-3DD578E8,paypal,338.98,USD,COMPLETED,ORD-F4B17C4D,03/07/2025 03:24
PAY-294ACF46,paypal,298.89,USD,DENIED,ORD-667F36A6,11/01/2026 05:38
FAS-EE4A07DF,fastpay,14422,EUR,declined,ORD-F3182B0D,1750787704
FAS-570E54A2,fastpay,5420,EUR,paid,ORD-A08007DF,1750293216
PAY-2CB0326C,paypal,298.35,EUR,DENIED,ORD-A69EE84B,08/05/2026 16:57
STR-9939AF7D,stripe,295.66,GBP,success,,2025-09-01T13:05:33Z
STR-FCE75857,stripe,317.89,USD,failure,ORD-BCEE5FD1,2025-09-15T17:57:39Z
STR-1804030B,stripe,314.41,EUR,success,ORD-A292603E,2025-12-04T00:11:09Z
PAY-32D22BAA,paypal,232.42,EUR,COMPLETED,ORD-6865AE1A,08/11/2025 15:11
FAS-9C49D85A,fastpay,36310,GBP,paid,ORD-35483920,1777808058
PAY-378CA64E,paypal,59.0,USD,COMPLETED,ORD-BF03182E,22/08/2025 09:29
STR-95F8DFE0,stripe,308.44,EUR,success,ORD-28E700A1,2026-02-01T13:41:57Z
PAY-91C2BDBD,paypal,196.86,EUR,DENIED,ORD-5DF36EAE,11/02/2026 09:44
FAS-F5C909A8,fastpay,24696,GBP,declined,ORD-45F67591,1777372225
PAY-BCE567C6,paypal,425.83,EUR,COMPLETED,ORD-A88CD911,06/02/2026 23:17
FAS-1B18D773,fastpay,44335,EUR,paid,ORD-FF4A0F95,1770254329
STR-B82D01E5,stripe,70.63,EUR,success,ORD-5536212A,2025-06-02T05:29:23Z
STR-C8179551,stripe,417.58,USD,success,ORD-C32B43B9,2025-07-13T15:12:19Z
STR-9BC2B89A,stripe,155.48,USD,failure,ORD-D02224BF,2026-04-17T10:30:27Z
PAY-3DBE4C4E,paypal,86.76,USD,DENIED,ORD-B6C106CC,28/08/2025 12:16
FAS-969A1F3B,fastpay,32325,USD,paid,ORD-6ECB3279,1772812934
FAS-79AD1CAA,fastpay,14921,EUR,declined,ORD-BD3D6B8D,1774363175
STR-815BF391,stripe,379.9,USD,success,,2025-11-11T13:41:36Z
PAY-8310F073,paypal,175.91,USD,COMPLETED,ORD-924F302B,12/05/2026 09:06
PAY-DA71208D,paypal,173.5,EUR,DENIED,ORD-6163739C,16/10/2025 23:18
FAS-C02AE1DF,fastpay,17689,GBP,declined,ORD-AB2E54DE,1763389178
PAY-E3CAE0F9,paypal,44.98,GBP,DENIED,ORD-FE6B383A,02/06/2025 05:36
FAS-D749FC43,fastpay,49408,EUR,paid,,1778552497
PAY-ED3D343F,paypal,210.5,USD,DENIED,ORD-80AB2E7C,18/03/2026 12:47
PAY-A7DFEDD0,paypal,358.96,GBP,COMPLETED,ORD-0C6D3F12,01/03/2026 08:17
STR-DCE115B8,stripe,73.98,EUR,failure,ORD-163145A5,2025-08-09T13:38:36Z
FAS-A8D9FCDA,fastpay,13148,USD,declined,ORD-C47023D1,1764291884
FAS-CAC17D78,fastpay,18023,EUR,declined,ORD-A526FF27,1766342363
FAS-C6134562,fastpay,49868,GBP,declined,ORD-54F0DEA1,1778631265
STR-51171B69,stripe,257.11,EUR,failure,ORD-57BCFAE0,2026-02-27T19:11:26Z
PAY-226C43DF,paypal,46.48,USD,DENIED,ORD-43CFB07C,24/01/2026 15:18
STR-421AC875,stripe,202.48,GBP,success,ORD-84E2C3F6,2026-01-15T18:46:27Z
PAY-530BDFEE,paypal,224.97,GBP,DENIED,ORD-4D15D1D5,31/05/2025 12:53
PAY-2F22EE8B,paypal,452.51,EUR,COMPLETED,ORD-B749496D,28/08/2025 07:03
STR-71D72B27,stripe,218.92,EUR,success,ORD-608262C6,2025-11-18T12:36:16Z
PAY-9AEE9430,paypal,80.45,USD,COMPLETED,ORD-1EA2D6EA,08/01/2026 13:19
FAS-DA2CCE3A,fastpay,18875,USD,declined,ORD-44B92DBA,1753895630
PAY-1EDDFB08,paypal,206.8,GBP,DENIED,ORD-D694EE21,05/11/2025 18:47
STR-1355FC5C,stripe,5.83,GBP,success,ORD-CBBCEC21,2026-02-02T20:21:19Z
PAY-FFB94C46,paypal,499.06,USD,DENIED,ORD-346E18A2,21/08/2025 12:28
FAS-1318CA90,fastpay,11134,USD,declined,ORD-D4A63319,1748958584
STR-F3DD5D79,stripe,43.72,GBP,failure,ORD-99C73682,2025-11-13T16:27:46Z
PAY-C8ACBA63,paypal,212.1,EUR,DENIED,ORD-DC520965,11/05/2026 17:21
STR-63F28C2B,stripe,283.73,EUR,success,ORD-ED02DDF6,2026-01-23T20:28:52Z
STR-D4B73639,stripe,46.52,USD,success,ORD-5FF0DF30,2025-08-14T12:34:15Z
PAY-1B9B46DA,paypal,479.69,EUR,DENIED,ORD-86B9295C,11/06/2025 11:02
STR-89959794,stripe,384.72,USD,failure,ORD-C190A53A,2025-09-05T10:52:33Z
STR-4E770B39,stripe,436.49,USD,failure,ORD-9C9C6751,2026-01-16T10:55:36Z
FAS-4F382D2C,fastpay,43330,EUR,declined,ORD-556D59ED,1771611882
STR-DEAB757F,stripe,366.44,USD,failure,ORD-5C9C26AD,2025-12-08T23:45:17Z
PAY-4A2CF318,paypal,113.89,GBP,DENIED,ORD-032DF0A8,07/06/2025 18:54
FAS-48B2A04D,fastpay,21192,EUR,declined,ORD-4F2D0939,1770733282
PAY-ABD5266F,paypal,346.34,EUR,DENIED,ORD-5E7A7DC6,17/10/2025 01:44
STR-0ED7E06E,stripe,456.65,USD,failure,ORD-EBEE32FF,2026-03-15T17:31:29Z
STR-29ADAE9B,stripe,381.6,GBP,success,,2025-12-05T19:30:23Z
PAY-DE246539,paypal,233.54,USD,DENIED,ORD-E8B69E37,12/08/2025 05:38
PAY-B9044216,paypal,394.47,EUR,DENIED,ORD-9F761106,12/09/2025 13:28
PAY-EBFEF753,paypal,262.46,EUR,DENIED,ORD-BCE58CE6,19/04/2026 18:12
FAS-FE4B9975,fastpay,27170,EUR,declined,ORD-1F8AA93D,1750390697
STR-671FDA3D,stripe,228.92,GBP,failure,ORD-70C18EE8,2025-11-06T09:41:35Z
STR-54502017,stripe,405.54,EUR,failure,ORD-564B69EC,2025-11-09T19:46:28Z
FAS-7D6EBA97,fastpay,47562,EUR,declined,ORD-39892361,1749856855
PAY-31EB37F1,paypal,179.41,USD,DENIED,ORD-F0AF0523,18/12/2025 22:29
FAS-FF979F41,fastpay,33348,USD,paid,ORD-B9572333,1773821713
PAY-B48E9FCD,paypal,394.19,USD,COMPLETED,ORD-D4DB1EBD,11/06/2025 10:27
PAY-FF0AAD7A,paypal,383.16,EUR,COMPLETED,ORD-8A00DD4F,13/03/2026 23:04
PAY-089A7A2C,paypal,230.04,EUR,COMPLETED,ORD-B080441E,06/08/2025 10:35
STR-06BD84D4,stripe,175.71,USD,failure,ORD-AA70C8A6,2025-07-20T17:01:21Z
FAS-D6F1C053,fastpay,19426,USD,declined,ORD-377EA84C,1750342129
PAY-401C2A37,paypal,82.08,EUR,DENIED,ORD-704D56B3,12/03/2026 19:16
FAS-061EBE4E,fastpay,38462,EUR,declined,ORD-E8F2DA9B,1771779295
FAS-18FCEC96,fastpay,16368,USD,declined,ORD-91D924A1,1772017148
FAS-DBCDB6BA,fastpay,47675,EUR,declined,ORD-34462ED0,1757369424
FAS-B887BD54,fastpay,21177,EUR,declined,ORD-1905599A,1767089588
STR-6359CA62,stripe,246.72,EUR,failure,ORD-383C5BCC,2025-09-24T17:59:53Z
FAS-8F6FA47D,fastpay,20893,EUR,paid,ORD-9DBA5C14,1768490143
FAS-941A390C,fastpay,41643,USD,paid,ORD-CDDA7B72,1771854044
FAS-FEA9A1CF,fastpay,21810,GBP,paid,ORD-4EDF365B,1772074830
FAS-A77F70C9,fastpay,10948,USD,declined,,1772670828
FAS-E5DC826E,fastpay,32822,GBP,paid,ORD-592DFCF0,1769427775
FAS-56C62119,fastpay,18105,EUR,declined,,1748908158
PAY-20670901,paypal,271.76,USD,DENIED,,08/04/2026 23:46
FAS-853A389F,fastpay,44476,EUR,paid,,1766404902
FAS-87EEEBD0,fastpay,38558,EUR,paid,ORD-E95FAF5A,1748227882
PAY-571CDEFD,paypal,291.82,EUR,DENIED,ORD-6E431891,20/02/2026 20:13
PAY-F464916D,paypal,466.58,EUR,DENIED,ORD-B631127B,18/01/2026 17:05
FAS-758310EE,fastpay,27231,USD,paid,ORD-3F73244C,1762900376
PAY-AF39C131,paypal,408.06,GBP,DENIED,ORD-E0CCC6DB,10/01/2026 06:27
PAY-F1CE687D,paypal,229.16,EUR,COMPLETED,,22/07/2025 18:35
STR-878309D9,stripe,146.55,USD,failure,ORD-5636CAD5,2025-07-17T14:04:54Z
PAY-5023B128,paypal,347.04,USD,COMPLETED,ORD-7F1707FA,31/12/2025 13:51
FAS-85E14ED7,fastpay,12292,EUR,declined,ORD-796B80DA,1767182878
STR-EC93AE53,stripe,484.14,GBP,failure,,2025-08-22T00:30:58Z
PAY-3F52AF30,paypal,73.64,GBP,DENIED,ORD-A5696D3D,10/08/2025 03:54
FAS-22F3004D,fastpay,34606,EUR,paid,ORD-1D6C2A19,1755927250
STR-09BDFFF5,stripe,58.25,EUR,failure,ORD-0437747C,2025-07-15T08:47:14Z
FAS-6C96E9D7,fastpay,26697,USD,declined,ORD-6A8382E8,1757365628
PAY-D4C915C9,paypal,348.91,EUR,COMPLETED,ORD-35398236,10/06/2025 07:15
PAY-6904AF84,paypal,243.34,EUR,DENIED,ORD-C90B80BE,22/04/2026 10:07
FAS-1CF87F76,fastpay,18104,EUR,declined,ORD-1714C3F7,1763495101
PAY-20AF1181,paypal,490.43,GBP,DENIED,ORD-F3183E8D,01/06/2025 17:41
FAS-D026270C,fastpay,43103,EUR,declined,ORD-43744E85,1765769090
FAS-2D608AC2,fastpay,44896,GBP,paid,ORD-ACDB20A2,1768561137
FAS-8C012038,fastpay,37891,EUR,paid,ORD-4B36454A,1764908466
STR-7049B2F0,stripe,307.63,USD,failure,ORD-8329FCB2,2026-05-17T02:50:27Z
STR-4CAAABD4,stripe,6.97,USD,success,ORD-9EA9F991,2026-04-03T06:15:58Z
PAY-4195FC65,paypal,72.78,USD,DENIED,,01/02/2026 10:49
STR-B23AEFE3,stripe,172.24,EUR,success,ORD-9F1200AF,2025-07-20T22:33:23Z
STR-21866D5F,stripe,352.66,EUR,success,ORD-E8EE1266,2026-03-20T10:36:25Z
STR-75FB295B,stripe,251.55,USD,success,ORD-542F1F2A,2025-07-29T09:08:31Z
FAS-AD5B9BA7,fastpay,47568,USD,paid,ORD-4986FE03,1778140055
FAS-85F3AD2D,fastpay,33775,USD,paid,ORD-E515A090,1764814781
PAY-93363978,paypal,413.67,EUR,DENIED,,27/12/2025 13:50
PAY-BAE4D867,paypal,63.11,USD,DENIED,ORD-47E5FF66,03/09/2025 00:59
FAS-AD541013,fastpay,7952,USD,declined,ORD-03C25538,1774312628
STR-F9A669A9,stripe,100.33,GBP,failure,ORD-F36DA4E2,2026-04-18T05:47:11Z
FAS-FC459F82,fastpay,35982,EUR,paid,ORD-5B969CC6,1779379026
FAS-CA747674,fastpay,3279,EUR,paid,ORD-921FB7F6,1767689304
PAY-6340355F,paypal,66.25,GBP,DENIED,ORD-6DE98C78,26/01/2026 11:27
STR-9D4C2248,stripe,360.92,USD,failure,ORD-2C6E5CD8,2026-01-01T11:28:28Z
FAS-9ABB6C11,fastpay,25603,EUR,declined,ORD-9CE39628,1750637599
STR-43F04997,stripe,289.1,GBP,success,ORD-63F032A9,2025-07-01T15:22:48Z
STR-B87B47BE,stripe,340.11,USD,failure,ORD-53673C6A,2025-09-05T14:57:39Z
FAS-DA207661,fastpay,25555,GBP,declined,ORD-12789C9C,1755357540
STR-2BCBED85,stripe,278.8,USD,success,ORD-C3FE5DD4,2026-04-19T13:50:54Z
FAS-C343D479,fastpay,22287,EUR,paid,ORD-59FA494B,1755235076
PAY-F33BB56A,paypal,325.13,GBP,COMPLETED,ORD-E7CCE595,15/09/2025 15:52
STR-2592CF5A,stripe,194.03,EUR,failure,ORD-143B3246,2025-07-06T18:14:23Z
FAS-833E3D8B,fastpay,9435,EUR,paid,ORD-E9315D51,1778913641
FAS-670B3088,fastpay,4181,EUR,paid,ORD-9EE3A8AB,1748823691
PAY-678A18E9,paypal,291.4,USD,COMPLETED,ORD-A2F9077E,04/02/2026 04:39
STR-156F934E,stripe,297.37,EUR,success,ORD-98FBA629,2025-11-25T12:57:29Z
STR-76DA14E9,stripe,262.22,EUR,failure,,2025-08-13T08:03:08Z
FAS-0FF420C8,fastpay,7267,EUR,paid,ORD-71C45F6D,1761571117
STR-D0D34640,stripe,16.75,USD,success,ORD-9536397F,2026-01-24T19:49:01Z
FAS-A1DC33CA,fastpay,10126,EUR,declined,ORD-CD1F3137,1777935539
FAS-23922CFE,fastpay,8395,GBP,declined,,1757889654
STR-DA3E03C3,stripe,180.51,GBP,success,ORD-50CCB51D,2026-03-20T23:58:11Z
FAS-35822857,fastpay,45782,EUR,paid,ORD-3127F581,1751471955
PAY-1E65A584,paypal,230.33,USD,COMPLETED,ORD-B3C936B3,09/10/2025 12:14
PAY-F842B0C5,paypal,60.66,EUR,COMPLETED,ORD-F8CA56A8,07/12/2025 01:35
PAY-E1CFC7FF,paypal,325.62,EUR,DENIED,ORD-15595E12,26/10/2025 08:58
STR-D2B7D47D,stripe,296.52,EUR,success,ORD-4EA24310,2025-07-02T13:49:09Z
STR-699C2758,stripe,135.43,USD,failure,ORD-43211DB5,2026-04-01T12:55:21Z
STR-03974373,stripe,93.21,GBP,success,ORD-9EB9B58A,2026-05-06T02:04:15Z
STR-D8B8D2A7,stripe,191.3,EUR,failure,ORD-0F406C8D,2025-11-06T06:44:44Z
FAS-F2A51D1B,fastpay,34866,EUR,declined,ORD-1524E41D,1776858810
STR-89D84D4A,stripe,299.03,EUR,success,ORD-4B0CD2D0,2025-06-30T15:18:57Z
STR-CEE265A0,stripe,376.47,USD,failure,ORD-0758EB0E,2026-02-20T12:56:33Z
PAY-7CB21CCA,paypal,465.95,GBP,COMPLETED,ORD-4B489F25,29/01/2026 03:24
STR-B4143FCF,stripe,42.89,USD,failure,ORD-FD1AC0F7,2026-01-12T11:07:46Z
PAY-74AE73BD,paypal,90.11,EUR,DENIED,,17/04/2026 00:21
PAY-98E05AF8,paypal,199.54,USD,COMPLETED,,20/10/2025 03:41
STR-FEB204B5,stripe,402.38,EUR,success,ORD-9EE7C554,2025-08-17T11:52:42Z
PAY-ED0FF31F,paypal,239.01,USD,DENIED,ORD-681D48AE,22/11/2025 22:16
FAS-5F475D48,fastpay,18474,USD,paid,ORD-57CFAF7C,1771783881
STR-E88C8D70,stripe,157.98,USD,failure,ORD-5FC77F11,2026-03-15T06:43:55Z
STR-6D650DB8,stripe,292.5,EUR,success,,2025-08-29T14:30:54Z
STR-FF3665AD,stripe,484.39,GBP,success,ORD-EDA6D0A8,2025-08-08T14:44:24Z
FAS-CE6222D2,fastpay,40968,GBP,declined,ORD-6E404730,1765384485
STR-A02B2F99,stripe,443.91,USD,failure,,2026-01-21T11:59:19Z
STR-571F856C,stripe,49.5,USD,success,ORD-73E3844F,2025-07-30T23:08:55Z
STR-87DFA0C5,stripe,363.99,EUR,success,ORD-163C2847,2026-01-11T14:41:28Z
STR-3DBF3B04,stripe,253.17,EUR,success,ORD-8A47ABB8,2025-08-13T14:51:48Z
PAY-86AB6405,paypal,293.42,GBP,DENIED,ORD-28222CF2,26/10/2025 08:55
PAY-79F11ACF,paypal,378.67,GBP,COMPLETED,,11/12/2025 10:30
FAS-F87C934E,fastpay,24703,EUR,declined,ORD-2C4EA200,1768569331
STR-32F0645A,stripe,83.15,USD,success,ORD-BEE00E55,2025-10-04T08:16:58Z
STR-E9F57B3B,stripe,402.91,EUR,failure,ORD-26663268,2025-10-09T12:22:51Z
PAY-1D3EA8F1,paypal,146.43,GBP,DENIED,ORD-12299E79,19/03/2026 08:02
STR-6424B9D1,stripe,499.95,GBP,failure,ORD-9EEE3336,2025-12-07T02:19:07Z
STR-2EF8D9AF,stripe,22.3,USD,success,ORD-8D1D071D,2026-01-10T22:37:19Z
PAY-A52CC6DC,paypal,121.63,GBP,COMPLETED,ORD-82A90581,18/04/2026 20:01
FAS-F3E431B2,fastpay,31749,GBP,paid,ORD-81247539,1760044762
STR-60E07F76,stripe,377.04,USD,success,ORD-B161E146,2025-11-02T03:25:52Z
PAY-A9FD047F,paypal,407.79,GBP,DENIED,ORD-0FAE7F5D,08/11/2025 17:23
PAY-933F3FA3,paypal,157.62,USD,COMPLETED,ORD-C8762CF3,04/05/2026 14:26
STR-A2BC52CF,stripe,33.58,USD,success,ORD-E48C939E,2025-11-25T17:22:09Z
STR-603DEA14,stripe,474.09,GBP,failure,,2025-09-01T23:46:12Z
STR-56E2A832,stripe,119.04,EUR,failure,ORD-13FF7986,2026-02-06T07:15:24Z
FAS-9DB5D1B2,fastpay,2122,USD,paid,ORD-F05E141B,1771121707
FAS-FE120D4C,fastpay,6201,EUR,declined,ORD-9E4EF5E7,1749310782
FAS-1F2AF5C3,fastpay,29092,GBP,paid,,1761480417
FAS-F260FC02,fastpay,17444,USD,paid,ORD-77656302,1760940453
PAY-0FD77588,paypal,495.5,USD,COMPLETED,ORD-3237E174,19/04/2026 05:52
FAS-D94C29AA,fastpay,47894,USD,declined,ORD-19CB0911,1757160514
PAY-0D7BA370,paypal,339.2,EUR,COMPLETED,ORD-80BC5FA1,10/02/2026 11:38
STR-4623B02D,stripe,230.37,EUR,failure,ORD-8CCCC3D6,2025-11-13T15:10:58Z
PAY-1166DC5C,paypal,456.5,EUR,COMPLETED,ORD-F9629D37,14/06/2025 12:14
PAY-86771FCA,paypal,339.13,USD,COMPLETED,,18/05/2026 23:13
PAY-F2EA00F6,paypal,93.0,USD,COMPLETED,ORD-58490382,31/10/2025 02:31
STR-C9DE5569,stripe,496.25,GBP,success,ORD-11F52357,2025-07-29T12:12:58Z
PAY-D1D12486,paypal,282.77,USD,DENIED,ORD-9B1B478A,06/11/2025 04:47
PAY-6A11F7B7,paypal,469.59,USD,DENIED,,17/08/2025 23:59
STR-F73FA447,stripe,274.09,GBP,failure,ORD-D73E40A2,2025-09-04T09:33:01Z
FAS-AE677988,fastpay,4753,USD,paid,ORD-B3EC4646,1754130237
FAS-22E6C190,fastpay,15739,USD,paid,ORD-082F7372,1764608733
FAS-BD9B9587,fastpay,12436,EUR,declined,ORD-13720BBB,1748358050
STR-C3296057,stripe,222.25,GBP,success,ORD-6D47D5CB,2025-07-06T21:08:56Z
PAY-D3C621FF,paypal,126.6,USD,COMPLETED,ORD-FF3C7302,03/02/2026 13:35
PAY-9574F08E,paypal,158.71,GBP,DENIED,ORD-BB84C02F,02/12/2025 04:36
STR-2CB21531,stripe,489.01,USD,success,ORD-16333094,2026-05-14T12:21:03Z
PAY-2B124233,paypal,113.04,EUR,DENIED,ORD-48FCB938,22/09/2025 10:06
PAY-F69BC7B0,paypal,115.78,EUR,COMPLETED,ORD-E6A8514C,27/01/2026 03:26
FAS-AB250E2D,fastpay,35071,EUR,declined,ORD-B7671ADF,1774435207
STR-04786CD5,stripe,356.84,USD,success,ORD-C6D81C65,2026-01-17T03:22:35Z
STR-4C8251B3,stripe,474.58,GBP,success,ORD-335E9BA8,2025-12-23T21:06:38Z
FAS-3E8004D2,fastpay,24532,GBP,paid,ORD-3B98889C,1763543435
STR-CC1C5A7E,stripe,111.04,USD,success,,2025-07-02T04:30:12Z
FAS-E24063DD,fastpay,19705,USD,declined,ORD-A74CBBEF,1756421848
FAS-7E7BE7DE,fastpay,11174,EUR,paid,ORD-9F9F8552,1761147134
FAS-E8FBA09F,fastpay,30772,GBP,declined,ORD-1B81A029,1762457351
PAY-99887698,paypal,165.97,GBP,COMPLETED,,27/09/2025 03:31
FAS-1EF6B399,fastpay,45060,EUR,paid,,1761992456
STR-505B5D4B,stripe,480.77,EUR,success,ORD-A23B89AD,2026-03-23T22:42:01Z
STR-E6D39668,stripe,494.42,EUR,success,,2026-01-05T07:36:04Z
PAY-68631D0D,paypal,278.74,USD,COMPLETED,ORD-A48B51B2,16/12/2025 19:02
STR-AECE59B9,stripe,473.61,GBP,success,ORD-6FD0279B,2025-10-24T04:12:58Z
FAS-7C69E8C3,fastpay,24107,EUR,declined,ORD-6E449855,1751473736
FAS-17E2C881,fastpay,19143,GBP,declined,ORD-60913566,1767970287
PAY-EFA04B7E,paypal,61.38,GBP,COMPLETED,,05/01/2026 00:02
PAY-23B915AD,paypal,192.11,GBP,COMPLETED,ORD-0A543855,02/02/2026 19:38
FAS-D63D905E,fastpay,48902,EUR,paid,ORD-1421EF86,1778262726
FAS-B80915E6,fastpay,38010,EUR,paid,ORD-6E7FD469,1773879679
STR-C8BD7CA7,stripe,26.24,GBP,success,ORD-F22B4EC7,2025-09-02T14:54:05Z
FAS-9FBD4E93,fastpay,43661,EUR,declined,ORD-3B01F722,1769846442
FAS-3CD6C7F9,fastpay,9170,USD,declined,,1775337039
STR-848AF16F,stripe,270.57,GBP,success,ORD-C432F145,2025-12-01T00:50:22Z
PAY-0DDFE571,paypal,404.84,USD,COMPLETED,ORD-3FD0DA92,05/01/2026 22:01
STR-CE39D4F5,stripe,147.82,USD,failure,ORD-8B60A975,2025-08-28T21:40:28Z
STR-57F41586,stripe,411.08,GBP,failure,ORD-1504DDE7,2025-12-25T07:36:47Z
PAY-5F32B8E5,paypal,81.03,EUR,DENIED,ORD-60B91922,06/12/2025 19:19
STR-651A0D43,stripe,125.52,GBP,success,ORD-1663E6BE,2025-07-08T12:18:21Z
FAS-E985D774,fastpay,44558,EUR,declined,ORD-0EC7A550,1766435006
PAY-A86E6A51,paypal,213.33,USD,DENIED,ORD-3E8CD5EB,25/10/2025 15:22
FAS-00E31BBD,fastpay,24607,GBP,paid,ORD-99716D0C,1771296476
PAY-77B10759,paypal,392.35,GBP,DENIED,ORD-8F1B9B25,18/05/2026 10:23
STR-C778210F,stripe,225.54,EUR,failure,ORD-B4E4082D,2026-01-24T00:49:12Z
STR-2A94CB7E,stripe,323.13,GBP,success,ORD-FF4770C1,2025-12-31T19:38:15Z
PAY-5B1838FB,paypal,441.24,GBP,COMPLETED,ORD-07504B00,29/11/2025 06:32
PAY-8789FBF0,paypal,54.17,USD,COMPLETED,ORD-A426B419,05/05/2026 22:19
STR-6A67BF95,stripe,484.23,EUR,failure,ORD-1814F8A9,2026-04-10T05:43:24Z
FAS-CBEE61AD,fastpay,32560,USD,paid,ORD-60C73B6A,1774930193
FAS-36CFE8E2,fastpay,28918,GBP,declined,ORD-039040B8,1768295975
FAS-DD5010FC,fastpay,34345,USD,paid,ORD-74193F0C,1773004248
STR-3ED40521,stripe,472.91,USD,success,ORD-537B6AED,2026-04-23T09:09:55Z
PAY-79219DB1,paypal,454.78,GBP,DENIED,ORD-17DAF748,10/05/2026 00:12
PAY-F1D5841B,paypal,471.4,EUR,DENIED,ORD-2245D911,10/08/2025 08:12
STR-A80BE822,stripe,317.43,USD,failure,ORD-98DE4BB8,2025-09-28T21:55:12Z
FAS-26FE9DCB,fastpay,2683,GBP,declined,ORD-4BB50A15,1752937788
STR-698E7DB2,stripe,367.98,GBP,failure,ORD-40FEF2C8,2026-02-19T04:48:13Z
STR-5AC8D663,stripe,311.05,EUR,success,ORD-87F9313F,2025-12-03T19:12:16Z
FAS-6C977F40,fastpay,32581,EUR,paid,ORD-7DADD1C4,1766484545
FAS-A203ED2E,fastpay,47586,USD,paid,,1771830121
PAY-64DD1660,paypal,191.3,EUR,COMPLETED,ORD-57BC4535,24/08/2025 20:33
PAY-50134844,paypal,434.94,EUR,DENIED,ORD-6F63280F,31/08/2025 08:02
STR-2992E9D3,stripe,247.95,EUR,success,ORD-7EFF0A90,2025-07-07T03:53:31Z
STR-DFF8F4F0,stripe,290.8,USD,success,ORD-527243AB,2026-01-08T23:49:18Z
FAS-D7F0BB73,fastpay,20594,USD,paid,ORD-576614B2,1765344015
PAY-318972CA,paypal,21.17,USD,DENIED,ORD-D9D0F747,19/04/2026 01:16
FAS-D4504FD1,fastpay,48272,EUR,paid,ORD-24F5BDD4,1762532772
STR-1C3E88CF,stripe,154.87,EUR,failure,ORD-878973CF,2026-05-24T04:15:48Z
FAS-0748F054,fastpay,38212,EUR,declined,ORD-57295037,1775584045
FAS-989BBB48,fastpay,35497,USD,declined,ORD-E8CFF422,1750934884
PAY-BD1E7E2E,paypal,402.23,USD,DENIED,ORD-5F39E642,31/12/2025 21:14
FAS-6A097E75,fastpay,42537,USD,declined,,1749880835
STR-D4D17608,stripe,56.82,USD,failure,ORD-4D9FB939,2026-02-14T14:54:19Z
FAS-3E8004D2,fastpay,24532,GBP,paid,ORD-3B98889C,1763543435
FAS-25938F20,fastpay,44141,GBP,paid,ORD-EFF6151E,1760915411
PAY-CE1ED800,paypal,417.62,EUR,DENIED,,26/02/2026 14:14
STR-B809FDCE,stripe,288.56,GBP,success,ORD-0E975B5B,2026-03-24T23:14:29Z
PAY-F7ADD972,paypal,336.17,EUR,DENIED,,16/12/2025 19:02
STR-95C763CB,stripe,134.26,USD,success,ORD-7886DEE9,2026-02-14T09:09:20Z
PAY-399DC33B,paypal,58.84,GBP,DENIED,ORD-BE98475E,28/10/2025 12:44
FAS-B5F3ED3C,fastpay,6893,USD,declined,ORD-D06A52A1,1773151413
PAY-277238BD,paypal,67.54,EUR,DENIED,ORD-64FB0C99,28/01/2026 01:57
STR-FFD14300,stripe,17.08,GBP,failure,ORD-C63BC0F3,2026-02-06T02:33:08Z
PAY-F2A60914,paypal,304.54,EUR,COMPLETED,ORD-E0B5D58A,16/09/2025 13:47
FAS-36C361C7,fastpay,5018,EUR,paid,ORD-65A9474C,1765201785
FAS-0FD68C5C,fastpay,23205,GBP,declined,ORD-C422FCFF,1778675581
STR-221F0822,stripe,49.75,USD,success,ORD-04D8D1AA,2025-12-07T02:40:10Z
FAS-8B14D8CD,fastpay,31803,EUR,declined,ORD-ED479DE8,1769269787
STR-E2A2A93F,stripe,372.75,USD,failure,ORD-BF5F78EC,2026-03-14T09:52:11Z
PAY-D6649C0C,paypal,469.89,USD,COMPLETED,ORD-2A563617,06/05/2026 15:03
FAS-09078ABB,fastpay,9858,EUR,paid,ORD-7D75CBC9,1752335138
STR-0E56A35D,stripe,75.97,EUR,success,ORD-3097193F,2025-07-11T08:43:57Z
PAY-CAF745CA,paypal,352.75,USD,DENIED,ORD-1CF52DC5,22/10/2025 11:08
STR-3F85F524,stripe,486.58,USD,failure,,2025-06-03T23:26:48Z
FAS-8DEE2F98,fastpay,22066,GBP,paid,ORD-36F690CF,1760095565
PAY-55BF8698,paypal,124.89,EUR,COMPLETED,ORD-BFA333A2,11/09/2025 00:18
PAY-91BF83B4,paypal,286.8,USD,COMPLETED,ORD-7DEDDE54,30/03/2026 21:30
FAS-5DBCAA9C,fastpay,45244,USD,paid,ORD-A429B89A,1761093650
FAS-EDFA4F73,fastpay,15470,GBP,paid,ORD-ADED55EE,1771552224
STR-C910FDAA,stripe,405.28,USD,success,,2025-09-27T21:45:23Z
STR-3E2D26C9,stripe,425.84,GBP,failure,ORD-0EB75225,2025-09-01T08:16:50Z
PAY-616531D8,paypal,361.27,USD,DENIED,ORD-8B3BEB75,05/03/2026 22:38
PAY-5371BDFD,paypal,480.11,EUR,COMPLETED,ORD-BDAFEAD9,18/08/2025 17:32
STR-933F98DB,stripe,26.09,USD,failure,ORD-B9349B38,2026-01-01T12:20:18Z
STR-FCA4CBCD,stripe,242.82,EUR,success,ORD-41D13E19,2025-12-06T15:44:46Z
STR-9D4C2248,stripe,360.92,USD,failure,ORD-2C6E5CD8,2026-01-01T11:28:28Z
PAY-E67FE457,paypal,119.56,GBP,DENIED,ORD-BF56DB16,19/04/2026 01:27
STR-75DE1187,stripe,451.09,EUR,success,ORD-C755113B,2026-04-03T06:02:15Z
FAS-CBB23592,fastpay,43177,EUR,declined,ORD-6B4CD49E,1758821048
FAS-8CE2E5C0,fastpay,22073,USD,paid,ORD-1F948B32,1777426417
PAY-5221CFCF,paypal,312.01,USD,DENIED,ORD-B4003D3D,24/05/2026 01:43
STR-A5DD7A1B,stripe,125.5,USD,failure,,2025-10-18T17:09:11Z
FAS-69A2EE20,fastpay,46062,EUR,declined,ORD-43AAF155,1771293533
FAS-BE13ACD8,fastpay,49148,EUR,declined,ORD-456184FC,1749185764
STR-CDE4B70F,stripe,131.63,GBP,failure,ORD-083EA6F1,2025-11-26T21:15:48Z
FAS-A3C4D331,fastpay,46894,GBP,declined,ORD-5C3BBF41,1752037874
STR-18AC729F,stripe,330.89,EUR,failure,ORD-C81496AD,2025-12-07T02:34:14Z
PAY-69E59C6A,paypal,484.58,USD,DENIED,ORD-D79B2B9F,03/02/2026 15:56
PAY-31D1F80A,paypal,154.0,GBP,COMPLETED,ORD-3880112A,09/08/2025 10:49
FAS-9FEE10E5,fastpay,34857,USD,paid,ORD-2738B6BD,1773523239
FAS-C1D57390,fastpay,21739,GBP,declined,ORD-059679D6,1764131892
STR-92DCF2B0,stripe,174.25,GBP,failure,ORD-ED1E20B2,2025-09-13T09:50:48Z
FAS-134DAAE5,fastpay,404,EUR,declined,ORD-7040CB49,1777913831
STR-751D1B13,stripe,406.78,USD,success,ORD-97BB9DF5,2025-09-18T14:52:28Z
STR-9B7B27DA,stripe,418.33,GBP,failure,ORD-07095AAE,2025-07-19T12:45:44Z
STR-EC0D53E3,stripe,209.99,EUR,success,ORD-ABC4A419,2026-05-23T22:23:23Z
STR-D339418C,stripe,370.72,USD,success,ORD-4C284CB1,2025-06-27T03:18:04Z
FAS-08E4EDD1,fastpay,28160,GBP,paid,ORD-E7481857,1767312982
PAY-24134FFD,paypal,339.48,USD,DENIED,ORD-237C7227,19/07/2025 13:01
PAY-A11CFF04,paypal,461.25,USD,COMPLETED,ORD-AD36C1EC,24/09/2025 19:20
PAY-9B387E13,paypal,459.42,USD,COMPLETED,ORD-35D357B4,06/02/2026 10:20
FAS-D6AB7472,fastpay,12463,GBP,declined,ORD-2067A8D3,1755986385
PAY-B8E1BEC3,paypal,460.85,GBP,DENIED,,19/05/2026 16:05
FAS-6B6CCA84,fastpay,46215,EUR,paid,ORD-DEA116BF,1767139361
FAS-A7A22792,fastpay,8698,EUR,paid,ORD-8D443BA1,1772982922
PAY-7FB7B5CC,paypal,422.91,EUR,COMPLETED,ORD-49E97DE0,22/03/2026 18:30
FAS-383F76CD,fastpay,285,GBP,declined,ORD-FC4A1AB0,1766471698
FAS-FBEFA613,fastpay,18825,USD,paid,ORD-FAE3E1EC,1761772678
STR-37A3AB36,stripe,444.82,GBP,failure,ORD-F6284445,2025-07-11T10:03:56Z
STR-AD6C65E4,stripe,23.87,GBP,success,ORD-9B1FA4AF,2025-11-24T16:04:29Z
STR-D71D60A7,stripe,86.25,USD,failure,ORD-161E52D0,2026-05-06T08:36:57Z
STR-23FF8923,stripe,23.63,USD,success,ORD-8D16BEF5,2025-06-22T08:29:22Z
FAS-A3F37712,fastpay,35062,GBP,paid,ORD-95533CDC,1774813500
FAS-60E69708,fastpay,20833,EUR,declined,ORD-BDA4887D,1753453483
PAY-DD7F1186,paypal,456.43,GBP,DENIED,ORD-E5A88DC7,20/06/2025 12:15
PAY-B6A9DF61,paypal,347.14,USD,DENIED,ORD-6DE43F3A,01/08/2025 15:20
PAY-812D80AC,paypal,356.23,EUR,COMPLETED,ORD-3B6CA753,18/06/2025 02:00
PAY-AB8F7811,paypal,138.97,GBP,DENIED,ORD-EE37FF41,14/02/2026 16:39
FAS-0238361E,fastpay,48510,GBP,paid,ORD-45278211,1778283187
PAY-A297BE37,paypal,180.01,GBP,DENIED,ORD-4A3EAA17,11/03/2026 20:52
PAY-E45BC9DE,paypal,277.06,USD,COMPLETED,ORD-9356B11E,01/11/2025 14:07
PAY-0902C15D,paypal,390.06,USD,DENIED,ORD-8D0D2A16,21/04/2026 05:43
STR-E28651C3,stripe,49.31,EUR,failure,ORD-B0D99213,2026-01-03T21:42:27Z
PAY-92BABA71,paypal,187.23,GBP,DENIED,ORD-18EF8CD9,15/10/2025 00:08
PAY-2A1A0B21,paypal,416.59,GBP,DENIED,ORD-EE77067E,22/05/2026 15:53
FAS-4734869B,fastpay,2743,USD,paid,ORD-F29C8E27,1773006105
STR-A4937BAC,stripe,252.44,EUR,failure,ORD-95CE38B3,2025-10-22T22:49:43Z
PAY-277238BD,paypal,67.54,EUR,DENIED,ORD-64FB0C99,28/01/2026 01:57
PAY-F1F4BD41,paypal,169.41,USD,DENIED,ORD-81D4EEFD,18/07/2025 22:00
STR-E4DF1B9E,stripe,230.09,USD,failure,,2025-10-31T21:52:12Z
FAS-42A5A18F,fastpay,31107,GBP,declined,ORD-CACA461C,1752924042
PAY-146261B5,paypal,486.94,GBP,COMPLETED,ORD-5C78CBC2,18/01/2026 11:40
PAY-B0B835D6,paypal,327.74,USD,DENIED,,21/09/2025 13:13
STR-B7C26508,stripe,441.19,USD,failure,ORD-DA7CA4F9,2026-02-25T00:08:27Z
FAS-1BE6A554,fastpay,48348,USD,paid,ORD-012D339C,1775170940
FAS-597CFB88,fastpay,23809,GBP,declined,ORD-703CA189,1762790680
STR-928AC7A8,stripe,445.51,USD,success,,2026-03-23T09:58:31Z
PAY-5706477D,paypal,408.74,USD,DENIED,ORD-BF18E907,13/08/2025 00:42
STR-3D1F3A43,stripe,339.17,EUR,failure,ORD-2E4E379E,2025-10-03T05:31:21Z
PAY-C9BC6752,paypal,121.04,EUR,DENIED,ORD-851D0B0E,02/04/2026 16:28
PAY-93363978,paypal,413.67,EUR,DENIED,,27/12/2025 13:50
FAS-94EA4599,fastpay,2504,USD,declined,,1751111726
STR-28F848E9,stripe,296.36,GBP,success,ORD-3845ACBD,2025-06-12T16:10:33Z
PAY-0139499C,paypal,129.64,GBP,COMPLETED,ORD-5073AC52,04/10/2025 16:32
FAS-213BC618,fastpay,3432,EUR,declined,ORD-F06AECDD,1753417035
FAS-F8BAC747,fastpay,49009,USD,paid,ORD-5CBB70E7,1755899688
FAS-12F100C9,fastpay,23189,EUR,paid,ORD-5FC6A3E9,1765591140
PAY-FEA05337,paypal,100.41,GBP,DENIED,ORD-34083ED5,06/03/2026 11:13
STR-6CA0E9FE,stripe,358.31,GBP,failure,,2025-08-02T15:10:51Z
STR-3F260DA5,stripe,449.94,EUR,failure,ORD-CBE0F7A0,2026-05-14T12:37:23Z
STR-67BD32F7,stripe,96.6,GBP,failure,ORD-BBDBAE3E,2025-08-17T02:50:26Z
PAY-E6CE96B5,paypal,277.56,GBP,DENIED,ORD-39093727,18/07/2025 17:59
STR-73002FFC,stripe,435.55,GBP,success,ORD-2F1A6DBF,2025-11-22T02:53:30Z
FAS-64EC40FC,fastpay,11555,EUR,declined,ORD-56A36560,1749085325
PAY-11EA34BB,paypal,373.99,EUR,COMPLETED,ORD-6A0B1252,12/05/2026 21:43
FAS-1104404F,fastpay,14515,EUR,paid,ORD-590097A1,1775533761
PAY-5036ADB5,paypal,440.93,EUR,COMPLETED,ORD-8316797B,18/06/2025 08:57
FAS-6A566492,fastpay,42690,EUR,declined,ORD-9FC0DBDE,1774226210
STR-188F3A2C,stripe,82.29,EUR,success,ORD-05711A10,2025-07-31T14:33:18Z
PAY-79994B0D,paypal,54.94,EUR,COMPLETED,ORD-5039DACC,31/05/2025 04:58
PAY-D9CC56FD,paypal,172.92,GBP,COMPLETED,ORD-7266260B,01/09/2025 09:18
STR-C54F1AFF,stripe,152.76,EUR,success,ORD-457F4D00,2026-01-21T16:47:59Z
STR-1D527C04,stripe,220.1,GBP,success,ORD-BA949BAC,2025-08-21T03:54:00Z
STR-C69BE335,stripe,265.77,USD,success,ORD-0BA64A2A,2025-06-26T19:19:04Z
STR-6D611F59,stripe,389.43,EUR,success,ORD-50AD95F1,2025-05-28T06:53:29Z
FAS-D36E0938,fastpay,14889,USD,paid,,1771750893
STR-94ABACFD,stripe,406.51,GBP,failure,ORD-CAD4A6E0,2026-01-05T20:50:04Z
STR-9EDCC2D2,stripe,415.69,GBP,success,ORD-8045C279,2026-04-11T00:32:04Z
PAY-1C44358B,paypal,162.11,EUR,DENIED,ORD-1694AC69,05/05/2026 08:44
STR-F09140EC,stripe,160.12,USD,success,,2025-05-25T01:42:23Z
PAY-2898F043,paypal,111.56,EUR,COMPLETED,,29/03/2026 02:59
FAS-5023B409,fastpay,37036,GBP,paid,ORD-E609F670,1762380652
STR-AEDE65FA,stripe,370.87,GBP,failure,ORD-8542227D,2025-08-29T21:12:14Z
STR-4BAD545E,stripe,431.43,USD,success,ORD-523FECAA,2025-10-12T02:31:31Z
FAS-907B89DB,fastpay,41665,USD,declined,ORD-00DF1FC3,1755280915
FAS-68422DE8,fastpay,5465,USD,declined,ORD-BF8B4171,1771520244
FAS-1B5C5CC2,fastpay,17713,GBP,paid,ORD-6478502C,1753715495
FAS-FEB8733C,fastpay,25079,USD,declined,ORD-018ABE46,1770001341
PAY-55E85BAA,paypal,411.02,USD,DENIED,ORD-7CAB4024,18/02/2026 09:41
FAS-77548938,fastpay,5279,EUR,declined,ORD-1A2A8E40,1763653835
PAY-0CB25703,paypal,273.47,EUR,COMPLETED,ORD-4D7A1FA0,03/05/2026 09:31
FAS-55BCA664,fastpay,21338,EUR,paid,ORD-FE2065BB,1761963847
STR-E46E6EA4,stripe,23.95,USD,success,ORD-93FE524E,2025-11-17T11:15:54Z
PAY-AF6451F4,paypal,36.97,USD,COMPLETED,ORD-FF5B5098,10/02/2026 04:40
STR-07639D41,stripe,11.88,EUR,success,ORD-A094113E,2025-09-12T15:08:29Z
FAS-F8036993,fastpay,39758,EUR,declined,ORD-D902A98D,1757530096
PAY-D9E28B42,paypal,76.33,EUR,COMPLETED,ORD-A374E735,11/01/2026 19:02
STR-9C18CE77,stripe,8.42,GBP,success,ORD-93F6A170,2026-04-30T11:39:44Z
PAY-3E51A61F,paypal,96.01,USD,COMPLETED,ORD-64498A16,15/08/2025 07:57
PAY-E7649946,paypal,458.12,USD,COMPLETED,ORD-887D2D4C,12/11/2025 17:34
STR-96875D5C,stripe,47.06,GBP,failure,ORD-F1A2AF9E,2025-06-04T19:38:04Z
STR-EC88C76E,stripe,488.13,GBP,success,ORD-1ADCFD2C,2025-10-15T14:15:57Z
FAS-861BCEF7,fastpay,20999,GBP,declined,ORD-0FC62730,1754579924
PAY-AC4B4A5C,paypal,187.23,USD,DENIED,ORD-B689FF32,12/11/2025 22:05
PAY-612760A4,paypal,473.58,EUR,COMPLETED,ORD-32946EB5,18/10/2025 03:31
FAS-83FFB99D,fastpay,21227,EUR,paid,ORD-6C9EA97F,1779528412
FAS-80618D98,fastpay,43625,EUR,declined,ORD-25CFCF44,1756771040
PAY-17F1B3DF,paypal,231.85,EUR,COMPLETED,ORD-F7644F26,29/06/2025 23:36
STR-34EF91F4,stripe,216.51,EUR,failure,ORD-9211F960,2025-08-28T22:56:05Z
PAY-15B6B435,paypal,231.41,USD,COMPLETED,,18/02/2026 19:42
FAS-8EA54889,fastpay,47286,GBP,declined,ORD-E62B711A,1758660057
FAS-A6939B60,fastpay,19083,EUR,declined,ORD-E980760B,1757382819
FAS-5597F444,fastpay,21596,EUR,paid,ORD-ABACD902,1753020969
FAS-F9EF38EE,fastpay,4584,USD,paid,ORD-A9D7B2BC,1777286024
FAS-88E260BF,fastpay,23644,EUR,declined,ORD-B04165B9,1755012387
STR-2F0BCB98,stripe,395.76,USD,success,ORD-21010BF0,2025-09-20T23:43:01Z
STR-93CCADB9,stripe,340.46,EUR,success,ORD-02831559,2025-09-24T00:45:31Z
STR-073CF839,stripe,191.89,GBP,success,ORD-93A7B2C0,2025-08-28T20:07:39Z
STR-03239735,stripe,131.83,USD,success,ORD-D561FD1A,2026-02-26T11:25:22Z
FAS-C6134562,fastpay,49868,GBP,declined,ORD-54F0DEA1,1778631265
STR-1FA5F7D8,stripe,108.01,EUR,failure,ORD-75D620E1,2026-05-02T12:37:28Z
FAS-B6CDEF6B,fastpay,36232,USD,declined,ORD-5DBE1AC8,1765175388
STR-4B60CAC3,stripe,368.55,USD,failure,ORD-FD8E579E,2026-04-23T02:57:22Z
FAS-713BB491,fastpay,21513,EUR,declined,ORD-71183D0B,1770918443
STR-CC1C5A7E,stripe,111.04,USD,success,,2025-07-02T04:30:12Z
FAS-56515AC5,fastpay,29855,USD,paid,ORD-65D320AF,1776625006
PAY-84E0F0E7,paypal,31.43,USD,DENIED,ORD-74BD21C2,20/01/2026 07:24
PAY-0F97520F,paypal,303.66,GBP,DENIED,ORD-F4109901,16/11/2025 02:00
FAS-85AB003D,fastpay,39167,USD,paid,ORD-4BFA200B,1758721782
STR-C5A82887,stripe,227.41,GBP,failure,ORD-B976EA7F,2025-06-28T10:02:39Z
FAS-9884369B,fastpay,12973,EUR,declined,ORD-39B84F3F,1759171005
STR-9EDCC2D2,stripe,415.69,GBP,success,ORD-8045C279,2026-04-11T00:32:04Z
PAY-A17A18C9,paypal,450.9,EUR,COMPLETED,ORD-5EE74586,14/07/2025 12:05
STR-14748204,stripe,487.02,GBP,success,ORD-34A0212D,2025-12-26T23:27:29Z
PAY-6B1077FB,paypal,404.91,GBP,COMPLETED,ORD-BA51F016,26/01/2026 06:02
STR-492391FC,stripe,335.39,USD,success,ORD-A08F6C5B,2026-03-10T20:52:07Z
PAY-5B1838FB,paypal,441.24,GBP,COMPLETED,ORD-07504B00,29/11/2025 06:32
PAY-1F2FDA41,paypal,455.49,EUR,COMPLETED,,26/06/2025 10:03
PAY-47490FDA,paypal,226.97,EUR,COMPLETED,ORD-DFB04B90,07/04/2026 17:21
FAS-04DAE074,fastpay,1867,EUR,declined,ORD-AD13F8CE,1757470849
PAY-EF44F9C7,paypal,323.71,GBP,DENIED,ORD-F2C8BF21,29/09/2025 13:41
STR-3814AF00,stripe,69.05,EUR,failure,ORD-9F87D3CB,2025-11-16T13:56:15Z
FAS-A3132642,fastpay,11730,GBP,declined,,1767777696
STR-6205048F,stripe,28.2,USD,success,ORD-D69D554C,2026-03-25T10:03:51Z
STR-EA8A417A,stripe,283.5,EUR,failure,ORD-EFC11DB1,2025-06-24T08:42:51Z
PAY-E6BEB4CB,paypal,260.03,EUR,COMPLETED,ORD-53BAD759,21/11/2025 00:11
FAS-90D83F99,fastpay,44713,GBP,declined,ORD-6FB99405,1774867854
PAY-18B7371A,paypal,378.92,EUR,COMPLETED,ORD-D2EC1942,16/04/2026 18:57
FAS-B736335F,fastpay,35659,GBP,declined,ORD-E8C3FC37,1761419664
STR-C00B27E9,stripe,208.6,EUR,failure,ORD-3F49DC89,2026-02-05T16:06:36Z
PAY-48A5E295,paypal,355.36,GBP,DENIED,ORD-CEDD64DB,30/10/2025 04:23
PAY-E6BEB4CB,paypal,260.03,EUR,COMPLETED,ORD-53BAD759,21/11/2025 00:11
FAS-9BC1B778,fastpay,7073,EUR,declined,ORD-19660E97,1774797061
FAS-C7ABF00D,fastpay,19235,GBP,declined,ORD-C5A723B8,1778637809
STR-397B1480,stripe,22.31,EUR,failure,,2026-01-01T18:07:47Z
STR-2B2100A3,stripe,251.64,USD,failure,ORD-A36E73FA,2026-04-03T16:37:52Z
PAY-923714EF,paypal,85.46,EUR,DENIED,ORD-C111A98C,10/11/2025 19:16
PAY-25EC06B2,paypal,209.97,USD,DENIED,ORD-F75B4B09,14/08/2025 03:23
FAS-962E748E,fastpay,33440,USD,declined,ORD-EC6D4392,1748349458
STR-95C763CB,stripe,134.26,USD,success,ORD-7886DEE9,2026-02-14T09:09:20Z
STR-9C996A07,stripe,411.24,EUR,failure,ORD-F21CE1C7,2025-11-29T03:11:50Z
PAY-3553064A,paypal,28.66,USD,COMPLETED,ORD-1DF6AE38,01/09/2025 06:47
FAS-B264589A,fastpay,39598,EUR,paid,ORD-6AF57686,1752726262
STR-B55E8483,stripe,203.8,USD,failure,ORD-4A8B1D7D,2026-01-11T06:30:32Z
FAS-521859B0,fastpay,40910,EUR,paid,ORD-189F06EA,1761952663
FAS-6D642722,fastpay,42249,USD,paid,ORD-EE4ED881,1778871435
STR-38BADE08,stripe,322.69,EUR,success,ORD-1E5BF294,2025-12-11T14:08:59Z
STR-72B3E0D9,stripe,302.94,USD,failure,ORD-D10D0119,2025-10-29T19:31:59Z
PAY-1E10BEE2,paypal,84.16,GBP,DENIED,ORD-8B8B14A4,05/07/2025 05:18
PAY-0F8DD712,paypal,464.1,EUR,COMPLETED,ORD-BEDC4FDF,28/03/2026 19:58
PAY-2595ACEF,paypal,19.91,USD,COMPLETED,,27/09/2025 07:23
PAY-26A40ADD,paypal,356.49,GBP,DENIED,,10/09/2025 15:57
FAS-FA11E13C,fastpay,19781,USD,declined,ORD-5925A9DD,1750921710
FAS-8EFBEC1E,fastpay,2941,GBP,declined,ORD-83CACBBE,1760542615
STR-6F8D715B,stripe,171.56,GBP,failure,ORD-9E948999,2025-06-22T11:23:08Z
STR-ED2C999A,stripe,83.8,EUR,failure,ORD-3D3DA247,2025-08-19T00:32:35Z
STR-C6611772,stripe,306.36,USD,success,,2025-12-06T18:11:33Z
STR-0DA46B89,stripe,354.21,GBP,success,ORD-58A080D1,2025-12-20T23:10:55Z
PAY-551C7BD4,paypal,433.15,EUR,DENIED,ORD-311E04C6,19/12/2025 18:21
FAS-81F679D6,fastpay,14695,GBP,declined,ORD-4C0A3A1D,1775639500
PAY-B30C57DD,paypal,292.27,USD,COMPLETED,ORD-D2F8BC83,23/09/2025 12:25
STR-F5DBD8BD,stripe,329.77,EUR,failure,ORD-2C054C2B,2025-06-16T07:07:13Z
STR-4F10C869,stripe,498.64,USD,success,ORD-70F67265,2025-11-19T16:36:07Z
FAS-0601B3D3,fastpay,45938,GBP,paid,ORD-82C10BD0,1763541625
PAY-AD8D09E8,paypal,267.31,GBP,COMPLETED,ORD-EACD53E3,07/09/2025 11:21
PAY-064BEF85,paypal,329.57,GBP,COMPLETED,ORD-B658AF7B,31/03/2026 09:40
FAS-CB069593,fastpay,6337,GBP,paid,ORD-6BEF0E9B,1773075279
FAS-1DC64D1D,fastpay,21358,GBP,paid,ORD-C3A13845,1757500322
FAS-EC90D685,fastpay,31301,GBP,declined,ORD-521ABBC7,1765402912
FAS-0E09BA54,fastpay,40806,EUR,paid,ORD-814F5941,1762605292
STR-3A0815BD,stripe,166.54,USD,success,ORD-8FC7F766,2026-03-07T20:09:47Z
STR-D0DCE55A,stripe,33.74,EUR,failure,ORD-2832D811,2025-09-19T03:59:31Z
FAS-12D73F28,fastpay,36401,GBP,paid,ORD-7B63E784,1775245563
PAY-C0F7B6A5,paypal,370.73,EUR,DENIED,ORD-BAC1448B,15/09/2025 23:14
PAY-1300F056,paypal,303.68,USD,DENIED,ORD-42E3BCE3,04/08/2025 20:32
FAS-2EB1BD48,fastpay,25008,USD,paid,ORD-E4925113,1772706071
FAS-BE7653C9,fastpay,28555,USD,paid,,1758224323
STR-943A50EC,stripe,188.22,EUR,failure,ORD-AE7C2B17,2026-04-30T07:38:55Z
STR-9AFE23D1,stripe,287.17,EUR,success,ORD-D0436502,2026-04-22T17:39:33Z
FAS-73B0959F,fastpay,45431,USD,declined,ORD-BA321694,1770616436
PAY-2CA99BC7,paypal,55.06,EUR,COMPLETED,ORD-34FF5034,31/03/2026 12:59
STR-9BC2B89A,stripe,155.48,USD,failure,ORD-D02224BF,2026-04-17T10:30:27Z
FAS-C6D0441E,fastpay,27796,GBP,declined,ORD-164980CA,1776207181
FAS-C304CACF,fastpay,23812,GBP,paid,ORD-1A400D60,1775213870
STR-BBD3574F,stripe,191.95,GBP,success,ORD-76E4D12E,2025-07-12T15:27:00Z
PAY-42BCA3F2,paypal,207.49,EUR,COMPLETED,ORD-6569360F,09/07/2025 04:40
PAY-BC9A193D,paypal,494.77,GBP,COMPLETED,ORD-9D6FE901,12/08/2025 14:34
FAS-486520EE,fastpay,20693,EUR,paid,ORD-DC625E4A,1773953019
FAS-D0372604,fastpay,43890,USD,declined,ORD-207717D0,1772055027
FAS-B384DB58,fastpay,41065,GBP,declined,ORD-F06B6209,1766204312
FAS-E4F15D20,fastpay,27611,GBP,paid,ORD-3E3EC843,1778438675
PAY-866E2FCE,paypal,408.41,GBP,COMPLETED,ORD-858E26C3,08/01/2026 00:10
STR-92D81E5C,stripe,417.78,GBP,failure,ORD-D6282504,2025-12-11T16:13:38Z
STR-754CDF22,stripe,61.56,GBP,success,ORD-E2FA9DDD,2025-05-24T17:04:37Z
PAY-40EC12CC,paypal,436.93,EUR,DENIED,ORD-3A5C9341,10/04/2026 19:41
FAS-DDD37907,fastpay,41976,EUR,paid,ORD-D747E4C2,1760751348
FAS-9F73CC65,fastpay,24011,USD,paid,,1757416036
FAS-75576184,fastpay,39006,GBP,paid,ORD-3C11A8CC,1755585055
PAY-42FEB554,paypal,61.25,GBP,DENIED,ORD-231A3368,06/07/2025 08:34
PAY-9EB0B50A,paypal,117.78,USD,COMPLETED,ORD-DE8E62F6,15/01/2026 03:55
STR-2FC527E5,stripe,67.12,GBP,success,ORD-18431274,2026-02-20T02:09:29Z
STR-86795096,stripe,320.18,GBP,success,ORD-ECB0FCA2,2025-09-13T10:42:10Z
STR-9BF4B13E,stripe,48.86,USD,failure,ORD-B3099C3D,2026-05-10T10:08:00Z
STR-AA6F4575,stripe,143.25,EUR,success,ORD-19DE68F4,2026-03-16T05:16:55Z
PAY-A764C9F1,paypal,381.78,USD,COMPLETED,ORD-00708BB8,14/02/2026 04:30
STR-B18EE380,stripe,94.58,GBP,failure,ORD-7D6F7DD2,2026-02-01T02:20:02Z
STR-9CC6B588,stripe,378.22,GBP,success,ORD-C3D8A83C,2025-08-23T10:33:09Z
STR-6B2B9FBC,stripe,189.81,EUR,failure,ORD-6F7B7D36,2026-03-22T00:18:07Z
FAS-F8036993,fastpay,39758,EUR,declined,ORD-D902A98D,1757530096
PAY-9118BAAC,paypal,464.51,GBP,DENIED,ORD-0E48C560,24/08/2025 05:36
PAY-3AF303BD,paypal,86.09,EUR,DENIED,ORD-412F8C31,22/02/2026 10:32
PAY-612760A4,paypal,473.58,EUR,COMPLETED,ORD-32946EB5,18/10/2025 03:31
STR-7C4E9C04,stripe,213.61,EUR,failure,ORD-F6883420,2025-12-06T01:42:56Z
STR-49C83997,stripe,415.35,GBP,success,ORD-AEA54B1D,2026-03-14T15:44:10Z
PAY-EAF8FA2D,paypal,227.72,GBP,DENIED,ORD-9111AAD8,29/03/2026 22:33
STR-68AAEF9A,stripe,103.83,USD,success,ORD-CE10BA94,2025-06-16T13:15:58Z
PAY-0991623B,paypal,140.65,EUR,COMPLETED,,07/08/2025 23:40
FAS-B99B73FD,fastpay,5380,USD,paid,ORD-D6B5135A,1762370945
PAY-34C3EE4A,paypal,245.24,USD,DENIED,ORD-FA543334,11/03/2026 11:51
PAY-84DC9CE6,paypal,343.46,USD,COMPLETED,ORD-5D45C43C,20/05/2026 16:37
PAY-3BCBBB8F,paypal,38.68,EUR,COMPLETED,ORD-A1D09F2B,25/09/2025 09:34
FAS-094C4126,fastpay,26838,GBP,paid,ORD-7C979EEC,1751158652
STR-EDA435D6,stripe,474.45,EUR,failure,ORD-E957E2E4,2025-06-19T04:12:47Z
STR-1E77DEC5,stripe,297.25,EUR,failure,,2025-06-27T01:56:06Z
STR-BBBC4FDD,stripe,150.94,USD,failure,ORD-15805D4C,2025-12-11T00:15:59Z
PAY-294ACF46,paypal,298.89,USD,DENIED,ORD-667F36A6,11/01/2026 05:38
PAY-23186837,paypal,396.54,GBP,COMPLETED,ORD-B0524F09,21/02/2026 02:29
PAY-FFEB1EB5,paypal,91.45,EUR,DENIED,ORD-AC20E938,16/03/2026 10:52
FAS-756A6C12,fastpay,42704,EUR,paid,ORD-A8BFB8E0,1777114422
FAS-27284DE5,fastpay,20894,EUR,declined,ORD-24AC3C30,1764997936
PAY-05627D3B,paypal,200.43,GBP,COMPLETED,ORD-C7E43C4C,03/04/2026 11:38
STR-89130516,stripe,286.41,GBP,success,ORD-4CFC38C8,2026-01-23T14:34:02Z
PAY-525D68A4,paypal,265.9,USD,DENIED,ORD-70E258FB,21/12/2025 15:12
STR-AC8F9100,stripe,408.48,GBP,failure,ORD-306FE8E7,2025-08-22T04:07:45Z
STR-EB28B81B,stripe,39.51,EUR,success,ORD-D792973F,2025-08-08T19:43:55Z
PAY-AF6E7982,paypal,228.8,EUR,DENIED,ORD-A079E4EB,18/11/2025 13:00
STR-A599A6CD,stripe,270.08,USD,failure,ORD-4F0ABF8C,2025-06-09T19:56:13Z
PAY-341F8047,paypal,188.65,EUR,DENIED,ORD-02371EC4,11/05/2026 10:45
PAY-809563C2,paypal,202.89,EUR,COMPLETED,ORD-E7E0AFD5,19/08/2025 11:52
FAS-81EEACA7,fastpay,6652,EUR,paid,ORD-B806EC54,1760027281
STR-D99354BD,stripe,173.67,USD,failure,ORD-F4E24F23,2025-09-21T16:42:21Z
PAY-7DCB247D,paypal,373.92,EUR,COMPLETED,ORD-D925C422,21/08/2025 04:57
STR-4028B9A0,stripe,318.74,USD,success,,2025-09-20T11:18:12Z
FAS-2A3E9353,fastpay,43843,USD,paid,,1771918281
PAY-A9ACD0F6,paypal,306.23,EUR,COMPLETED,ORD-0D0890D0,13/12/2025 12:20
STR-77A9D6E9,stripe,78.55,USD,success,ORD-57F543FB,2026-05-22T02:41:57Z
STR-F643A022,stripe,327.64,USD,failure,ORD-A529BD7F,2025-10-20T20:01:33Z
STR-A1EC924F,stripe,142.07,EUR,success,ORD-81D3E177,2025-11-18T22:19:17Z
FAS-8EFA8D9E,fastpay,44982,GBP,paid,ORD-58DDAB78,1773726394
PAY-AC132B2E,paypal,82.16,USD,DENIED,ORD-69B7EFE5,04/08/2025 17:12
PAY-65EA2E6A,paypal,182.96,GBP,COMPLETED,ORD-8C49A9E6,09/04/2026 04:16
STR-C664015F,stripe,227.94,EUR,failure,ORD-ABD6BE32,2025-11-23T18:07:02Z
PAY-86EE43D6,paypal,498.9,EUR,COMPLETED,ORD-29BE52FE,30/07/2025 10:20
FAS-11A209CC,fastpay,31795,USD,paid,ORD-5368D2D2,1751119968
FAS-E572823B,fastpay,14042,GBP,paid,ORD-C3D60C23,1759713974
STR-2548F12B,stripe,327.64,EUR,failure,,2026-01-31T07:58:02Z
FAS-EE1A1749,fastpay,39054,EUR,paid,ORD-5A0D5BFF,1771654998
STR-0D91C746,stripe,476.1,EUR,failure,ORD-A4E1C824,2025-11-04T15:21:12Z
FAS-0C193233,fastpay,42977,GBP,declined,ORD-FD610B15,1766355332
STR-76F93E97,stripe,149.56,USD,success,ORD-7E72A58E,2026-04-11T02:25:08Z
STR-88A2BD58,stripe,277.14,EUR,failure,ORD-4C9B2ACD,2026-02-04T19:18:33Z
FAS-04CD9499,fastpay,30544,GBP,paid,ORD-C95ADB41,1770796534
PAY-B9ADD08A,paypal,356.66,USD,DENIED,ORD-F51B8FC3,25/02/2026 16:08
FAS-8A73EDDB,fastpay,42154,EUR,declined,ORD-B572B160,1753261179
PAY-05BBBC48,paypal,457.08,USD,COMPLETED,ORD-D09E1FAC,04/02/2026 20:28
STR-934E019B,stripe,88.36,GBP,failure,ORD-5718ABE5,2025-10-17T13:40:28Z
FAS-F510238B,fastpay,36685,USD,paid,ORD-6FCBF343,1765480157
FAS-5F146489,fastpay,15782,GBP,paid,ORD-0A4B5964,1779109947
PAY-BE52799D,paypal,53.66,USD,DENIED,ORD-59190903,09/04/2026 18:40
STR-1417CA5D,stripe,31.25,GBP,failure,ORD-C00D9897,2025-06-22T05:41:20Z
STR-302FED67,stripe,167.44,USD,success,ORD-9C5C2C4F,2025-09-16T07:26:14Z
STR-F1C0EC17,stripe,208.55,GBP,failure,,2026-01-05T10:29:02Z
PAY-2432C6C2,paypal,207.81,USD,COMPLETED,ORD-A6B55308,13/05/2026 18:29
FAS-16C7C50B,fastpay,20593,GBP,declined,ORD-43E83032,1754006159
PAY-FA6BCFAC,paypal,308.06,GBP,COMPLETED,,04/04/2026 16:25
STR-425DBD5C,stripe,140.22,USD,failure,ORD-71110FC5,2025-06-19T16:38:47Z
STR-E069EAAD,stripe,393.09,USD,failure,ORD-71AA1F16,2026-04-02T08:56:02Z
PAY-A592536D,paypal,99.44,EUR,COMPLETED,ORD-546115E5,02/09/2025 03:33
FAS-9B1DB46D,fastpay,30855,GBP,declined,ORD-DBBBE07D,1766677074
PAY-0F421BFC,paypal,271.52,GBP,COMPLETED,ORD-AA52DB61,30/01/2026 03:42
FAS-A8602524,fastpay,13031,USD,declined,ORD-33A07580,1774862739
STR-71FA11C5,stripe,150.69,EUR,success,ORD-0C3B75D5,2025-10-09T13:23:06Z
PAY-2A2F97BB,paypal,198.16,EUR,COMPLETED,ORD-ECC1DB22,11/10/2025 14:22
STR-7F70922A,stripe,460.17,EUR,failure,ORD-E7DC9194,2025-10-22T15:01:47Z
STR-3456B0B7,stripe,292.09,USD,success,,2025-10-28T02:32:52Z
STR-827D3D99,stripe,282.05,USD,failure,ORD-A37EEA38,2026-01-08T04:30:28Z
PAY-17D73AE9,paypal,58.6,GBP,COMPLETED,ORD-CEBD3675,27/03/2026 22:29
STR-BC9742EA,stripe,331.58,EUR,failure,ORD-1C0B84ED,2025-12-24T11:12:24Z
STR-5A66D018,stripe,133.42,EUR,success,ORD-5381A9B3,2025-08-06T16:44:19Z
FAS-92963C8A,fastpay,33996,GBP,declined,ORD-561147BA,1755231532
FAS-75B5156C,fastpay,4933,EUR,paid,ORD-613C16F4,1771466428
STR-5EF10D53,stripe,351.05,USD,success,ORD-38882DA8,2025-08-02T23:50:23Z
FAS-EBE6D75A,fastpay,45040,EUR,paid,ORD-61D8D964,1757474354
FAS-76F7F51B,fastpay,19666,USD,declined,ORD-815088D1,1762209685
STR-31899851,stripe,156.98,USD,failure,ORD-9391CA06,2026-05-02T13:15:14Z
STR-C9AC76DA,stripe,395.46,USD,success,ORD-389CB637,2025-05-31T04:09:39Z
STR-2C6A1FFA,stripe,332.0,GBP,failure,ORD-2A4B46CB,2025-08-20T01:18:28Z
STR-564EB310,stripe,90.06,EUR,failure,ORD-A541E0A4,2025-12-07T09:05:47Z
PAY-99A6E7C5,paypal,251.93,EUR,COMPLETED,ORD-AB103A1B,18/06/2025 15:37
PAY-5AD03115,paypal,386.4,GBP,COMPLETED,ORD-F4899576,30/03/2026 15:43
STR-DF9DD56C,stripe,408.48,EUR,failure,ORD-BDEA2306,2026-01-18T05:54:27Z
FAS-A54EBF49,fastpay,42521,GBP,declined,,1774390000
STR-7A056F62,stripe,493.08,USD,failure,,2025-06-21T09:27:07Z
PAY-4BA4FB29,paypal,372.93,USD,COMPLETED,ORD-9FF57D5A,21/02/2026 15:26
STR-23278ECD,stripe,476.55,GBP,failure,ORD-23660C51,2025-06-02T11:20:33Z
STR-90AD5B4F,stripe,200.99,USD,failure,ORD-6A9E19A6,2026-03-03T08:29:18Z
FAS-3B7BA8B8,fastpay,38752,EUR,paid,ORD-BF580EE8,1775180193
PAY-DBAD092E,paypal,57.86,EUR,DENIED,ORD-35A4EB06,10/05/2026 00:17
STR-F4B75F0A,stripe,305.55,EUR,success,ORD-F6E19626,2025-11-12T22:44:22Z
STR-85C706F9,stripe,431.19,EUR,failure,ORD-B57E5945,2025-08-06T10:56:12Z
STR-0677759C,stripe,424.82,GBP,failure,ORD-A9A729A3,2026-02-27T17:16:11Z
STR-85E511FD,stripe,151.27,EUR,success,ORD-7AFC887B,2025-08-29T13:00:23Z
FAS-C36CBC0A,fastpay,10584,EUR,paid,ORD-9C73F175,1778427347
STR-D715C222,stripe,303.58,USD,success,ORD-C0261BB4,2025-07-14T03:30:12Z
PAY-14A81F50,paypal,228.22,EUR,DENIED,ORD-91819B8E,02/09/2025 19:54
STR-9F8EB368,stripe,269.27,EUR,success,ORD-255C3D14,2025-08-30T02:56:33Z
PAY-9B09065E,paypal,494.22,GBP,COMPLETED,ORD-EAB62D2A,01/11/2025 22:37
STR-B3D8074C,stripe,34.92,EUR,success,,2025-06-02T22:37:59Z
PAY-1DA308A1,paypal,53.17,GBP,DENIED,ORD-76E6F027,29/12/2025 09:18
PAY-8F2294D4,paypal,204.98,GBP,DENIED,ORD-E872D198,09/12/2025 08:45
STR-082877C5,stripe,255.9,EUR,failure,ORD-38CF7999,2026-02-16T02:31:30Z
PAY-7DFEE6F6,paypal,65.34,USD,DENIED,ORD-244B6636,25/04/2026 19:07
FAS-D0C9D314,fastpay,22222,USD,declined,ORD-57309141,1760811820
STR-9C996A07,stripe,411.24,EUR,failure,ORD-F21CE1C7,2025-11-29T03:11:50Z
STR-C3578740,stripe,374.16,GBP,failure,ORD-8C5C4277,2026-03-20T11:21:51Z
FAS-D0372604,fastpay,43890,USD,declined,ORD-207717D0,1772055027
PAY-2907BEA1,paypal,334.25,USD,COMPLETED,ORD-5D66E2DD,25/08/2025 03:05
PAY-1B13F3FC,paypal,149.42,GBP,COMPLETED,ORD-05CEDB7C,09/07/2025 14:01
FAS-C8375B93,fastpay,26275,GBP,declined,ORD-8552611C,1770083906
STR-2A94CB7E,stripe,323.13,GBP,success,ORD-FF4770C1,2025-12-31T19:38:15Z
PAY-034E7624,paypal,77.44,EUR,DENIED,ORD-B709D4D0,10/12/2025 04:45
PAY-F3ABCD30,paypal,226.11,GBP,DENIED,ORD-E044DC28,12/01/2026 11:02
STR-C35B6A81,stripe,117.08,USD,success,,2026-04-26T13:02:02Z
STR-D68462FD,stripe,120.05,EUR,success,ORD-C2CB8059,2025-10-30T03:37:38Z
STR-50CCAA8C,stripe,424.16,USD,failure,ORD-AF14F2AF,2025-06-29T06:15:05Z
PAY-3E49F7B5,paypal,3.33,GBP,COMPLETED,ORD-929189C8,21/08/2025 02:44
FAS-73EF257B,fastpay,3949,GBP,paid,ORD-5A1FEE59,1752080422
PAY-3E53A9BB,paypal,364.19,EUR,DENIED,ORD-D9B3AA61,10/04/2026 06:12
FAS-AC15B59A,fastpay,10114,USD,paid,,1778152223
FAS-5485035C,fastpay,35286,GBP,paid,ORD-D297C5B0,1750451106
PAY-AC9B9BB1,paypal,454.34,USD,DENIED,ORD-05BEB837,24/12/2025 23:13
FAS-501F8E22,fastpay,49172,GBP,declined,,1771503982
FAS-E0830E80,fastpay,18815,GBP,declined,ORD-E3E51D54,1760208416
FAS-6EC38183,fastpay,46282,EUR,paid,ORD-85181938,1768917684
PAY-03687D03,paypal,143.21,EUR,DENIED,ORD-B4FBBBBE,12/01/2026 20:20
STR-3A9400D3,stripe,202.32,GBP,success,ORD-63E53BDC,2025-11-06T23:34:24Z
STR-6F286FB2,stripe,143.77,USD,success,ORD-A149C0B6,2026-05-12T05:46:10Z
FAS-A4E99A7C,fastpay,48639,EUR,paid,ORD-0F489BE9,1751225181
FAS-349A9629,fastpay,14105,EUR,declined,ORD-1CB40EB4,1761374896
STR-4028B9A0,stripe,318.74,USD,success,,2025-09-20T11:18:12Z
STR-207C87FB,stripe,79.11,EUR,failure,ORD-ACD9F601,2026-01-09T14:20:55Z
FAS-B6CDEF6B,fastpay,36232,USD,declined,ORD-5DBE1AC8,1765175388
FAS-3A95FCB4,fastpay,41355,USD,paid,ORD-56A4E209,1769436093
PAY-8FA40880,paypal,210.82,EUR,DENIED,ORD-68D81F93,22/04/2026 12:46
PAY-DAC80AE3,paypal,284.75,EUR,COMPLETED,ORD-51385292,16/08/2025 03:22
STR-7A0E4337,stripe,115.24,GBP,success,ORD-76CFDBE1,2026-01-31T18:17:30Z
STR-F9681FA2,stripe,372.09,USD,success,ORD-8ADE5241,2026-03-10T21:03:15Z
PAY-948A59BB,paypal,478.55,GBP,COMPLETED,ORD-B475EF66,24/10/2025 03:17
STR-DECF5D90,stripe,318.46,EUR,success,ORD-78B349C0,2025-12-17T23:47:02Z
PAY-A7F31732,paypal,347.66,USD,DENIED,ORD-EAB287C0,10/04/2026 14:55
PAY-47B223F0,paypal,276.48,GBP,DENIED,ORD-27A8CCF0,28/09/2025 04:23
PAY-582386AA,paypal,74.07,USD,COMPLETED,ORD-1B70D08F,07/04/2026 19:04
STR-BBD3574F,stripe,191.95,GBP,success,ORD-76E4D12E,2025-07-12T15:27:00Z
PAY-F78F0518,paypal,75.32,EUR,COMPLETED,ORD-AA568752,25/07/2025 01:43
PAY-65D7E409,paypal,329.67,GBP,DENIED,ORD-97699D48,09/05/2026 01:21
PAY-4CF6D259,paypal,109.7,USD,DENIED,ORD-F2465C9A,27/05/2025 19:14
FAS-3E42744C,fastpay,27473,GBP,declined,ORD-4CD23DFF,1768067385
FAS-95E50FC1,fastpay,33904,EUR,paid,ORD-BED6C9D2,1750047829
STR-2FEE5395,stripe,134.22,EUR,success,ORD-BC463D0F,2026-01-10T13:31:58Z
FAS-1868447C,fastpay,30057,USD,paid,ORD-8C3C5028,1772899875
STR-F089E391,stripe,131.13,USD,success,ORD-E1D9AE1A,2026-04-14T16:16:38Z
PAY-A6705DC5,paypal,4.98,USD,COMPLETED,ORD-D26F72CD,11/11/2025 12:52
FAS-383F76CD,fastpay,285,GBP,declined,ORD-FC4A1AB0,1766471698
PAY-7F0D8283,paypal,362.37,EUR,DENIED,ORD-E335DAF5,07/04/2026 01:00
STR-0F655AD4,stripe,234.7,GBP,success,ORD-C3932874,2026-02-21T06:49:33Z
STR-5BD93C40,stripe,494.71,USD,failure,ORD-A8CCCF1D,2025-07-26T13:51:34Z
STR-6E4CC941,stripe,425.82,EUR,success,ORD-B91C7E02,2026-05-01T04:44:27Z
PAY-CC4111D9,paypal,14.12,EUR,DENIED,ORD-91E11325,27/04/2026 03:37
FAS-4E407414,fastpay,1997,GBP,paid,ORD-8B26C326,1778668769
FAS-D8CA62C2,fastpay,9368,EUR,declined,ORD-8EAC9897,1752074670
FAS-FCAE9278,fastpay,24759,EUR,declined,ORD-2AA9BDAD,1763128479
STR-26E16B01,stripe,185.98,GBP,failure,,2025-10-30T06:41:06Z
STR-4B6EEF3E,stripe,293.65,USD,failure,ORD-A890F752,2026-04-29T22:58:45Z
PAY-BC23FB1F,paypal,84.73,GBP,COMPLETED,ORD-4CC66AF1,19/09/2025 11:43
PAY-F9B46134,paypal,364.67,GBP,COMPLETED,ORD-2A78DE44,06/11/2025 05:08
PAY-71393DF3,paypal,116.7,GBP,DENIED,ORD-9E59CF85,24/11/2025 21:22
PAY-6D8375E3,paypal,206.14,EUR,COMPLETED,ORD-EF776547,06/09/2025 18:57
PAY-86382B04,paypal,458.01,GBP,DENIED,ORD-60C43935,06/04/2026 06:58
PAY-7A0EA994,paypal,146.34,USD,COMPLETED,ORD-AC164F09,15/08/2025 17:06
STR-BC017086,stripe,274.85,USD,failure,ORD-2C8C4EE9,2026-03-16T05:05:08Z
FAS-EDA460F7,fastpay,38131,GBP,paid,ORD-997143ED,1751759754
PAY-EAF7E73E,paypal,480.32,EUR,DENIED,ORD-5771D45F,30/04/2026 02:33
STR-DF6107EF,stripe,216.03,USD,failure,ORD-605E9F7E,2026-01-18T05:14:38Z
FAS-E9708F58,fastpay,34822,USD,declined,ORD-1F041285,1778976684
PAY-117F7356,paypal,11.95,EUR,DENIED,ORD-778CC392,25/10/2025 14:14
STR-E09AC286,stripe,321.68,EUR,success,ORD-47F265CF,2025-07-20T10:58:35Z
FAS-0F72921C,fastpay,13227,GBP,paid,ORD-FDEBFC60,1757589041
FAS-CBC57F8C,fastpay,20443,GBP,paid,ORD-87953EB2,1779487245
PAY-FC6010D8,paypal,220.04,GBP,COMPLETED,ORD-129F661F,08/12/2025 06:39
FAS-2CAC8978,fastpay,6686,USD,declined,ORD-D49310A1,1753301141
FAS-E360071D,fastpay,10921,EUR,declined,ORD-7E14DF1E,1759998215
PAY-251FB576,paypal,83.64,USD,COMPLETED,ORD-E6B57585,27/07/2025 05:52
STR-34E4B395,stripe,258.81,GBP,failure,ORD-B890F1C8,2025-06-26T00:20:21Z
FAS-AED1689C,fastpay,30693,USD,declined,ORD-550878D0,1748065716
FAS-C3B57CD2,fastpay,47340,GBP,paid,ORD-BB8BD24B,1779560869
FAS-0516C7CD,fastpay,27535,GBP,declined,ORD-7540D83C,1768612418
STR-ADA12095,stripe,282.42,USD,success,ORD-8FBFBA95,2025-05-24T07:15:53Z
STR-A1F37B6E,stripe,433.38,EUR,failure,ORD-B0477096,2025-06-02T18:51:34Z
STR-3A9400D3,stripe,202.32,GBP,success,ORD-63E53BDC,2025-11-06T23:34:24Z
STR-1BE101B7,stripe,156.96,USD,failure,ORD-E1E06174,2025-06-19T20:26:15Z
STR-94A64B49,stripe,263.45,GBP,failure,,2025-12-11T02:16:16Z
PAY-EE4CAE8B,paypal,254.93,USD,DENIED,ORD-B0292711,25/09/2025 00:29
FAS-41B56A17,fastpay,8887,GBP,declined,ORD-753C1D80,1748238967
STR-BD674784,stripe,415.83,USD,success,ORD-B6EE1486,2025-07-07T07:23:28Z
FAS-76A0F1C8,fastpay,13911,USD,declined,ORD-ED1E930C,1762044628
FAS-C0015CC8,fastpay,18431,GBP,paid,ORD-97AE46C8,1754796624
STR-32DF269C,stripe,377.46,USD,success,ORD-E591865A,2026-01-21T09:21:28Z
PAY-B0ABAD64,paypal,120.1,EUR,DENIED,ORD-D680EBC9,14/02/2026 09:36
FAS-23922CFE,fastpay,8395,GBP,declined,,1757889654
PAY-6EC2D0EB,paypal,328.4,EUR,DENIED,ORD-8A89E26D,07/07/2025 10:38
PAY-5E036BA9,paypal,340.08,GBP,DENIED,ORD-94B25CA7,23/12/2025 14:35
STR-07F6AF8C,stripe,318.2,GBP,failure,ORD-BD46C570,2025-11-08T05:09:33Z
STR-75C53C88,stripe,29.9,USD,success,,2025-12-05T22:41:54Z
FAS-1B42ECB5,fastpay,49792,GBP,paid,ORD-BA96F959,1763846174
FAS-1318CA90,fastpay,11134,USD,declined,ORD-D4A63319,1748958584
FAS-14E3DFDB,fastpay,38153,EUR,paid,ORD-5A421F32,1770766001
STR-13F80CFB,stripe,47.66,USD,failure,ORD-6C8937D0,2025-08-09T09:36:53Z
PAY-D6EA097B,paypal,251.95,GBP,DENIED,ORD-6EDF1D12,28/04/2026 17:21
STR-29AEDAFE,stripe,482.29,USD,success,ORD-3AD9C384,2025-07-02T00:34:13Z
PAY-5D2DEEDE,paypal,400.77,EUR,DENIED,,17/05/2026 10:46
PAY-8E304EB0,paypal,483.72,USD,DENIED,ORD-C793FE35,08/12/2025 03:00
FAS-C91A4376,fastpay,28318,GBP,paid,ORD-E419BFC6,1768335986
FAS-81DC5394,fastpay,47884,USD,paid,ORD-DC7D2058,1765249480
FAS-D63FC823,fastpay,45087,EUR,paid,ORD-192242A3,1751871403
PAY-E459C159,paypal,393.09,USD,DENIED,ORD-7CD26491,09/03/2026 09:25
FAS-C97539BE,fastpay,42009,USD,paid,,1766813989
STR-168E633E,stripe,455.83,EUR,failure,ORD-114169B8,2025-09-08T05:50:35Z
FAS-B9792D9E,fastpay,15669,USD,paid,ORD-04F2E8C8,1757148118
PAY-59D08816,paypal,184.4,GBP,COMPLETED,ORD-2139D4EB,23/03/2026 10:49
FAS-E8BDBC5E,fastpay,22246,GBP,paid,ORD-5A791191,1768559629
FAS-4FC3CDE6,fastpay,2574,USD,declined,ORD-CECA4F98,1775956471
PAY-83C2B3CA,paypal,161.0,GBP,DENIED,ORD-2F70A769,06/04/2026 17:50
PAY-54744753,paypal,363.96,GBP,COMPLETED,ORD-A6F2B3F9,25/10/2025 19:12
FAS-97E4D47F,fastpay,28066,EUR,declined,ORD-44299B4D,1756473038
FAS-5F0122A5,fastpay,31841,EUR,declined,ORD-3CAF6D0A,1761366113
FAS-6345FC6C,fastpay,32443,GBP,paid,ORD-82F311A5,1758790101
FAS-F46CD7E2,fastpay,39643,GBP,paid,ORD-811E475B,1759881667
PAY-BF46ABDC,paypal,143.34,USD,DENIED,ORD-8B6F6AD9,06/10/2025 07:10
PAY-78BD051E,paypal,43.51,USD,COMPLETED,ORD-D14E750F,14/08/2025 03:53
PAY-A20E04DA,paypal,442.46,GBP,DENIED,ORD-3D72DFF3,26/05/2025 11:13
PAY-508F3A7D,paypal,348.34,USD,COMPLETED,ORD-DC483050,13/03/2026 02:27
PAY-E87722AF,paypal,438.86,EUR,DENIED,ORD-B30F90DE,29/10/2025 14:20
PAY-01FB79DE,paypal,194.39,GBP,DENIED,ORD-EEEEFFAD,09/06/2025 21:23
PAY-4EC9F4E0,paypal,403.75,USD,DENIED,ORD-521B9E40,29/05/2025 06:16
STR-0F032D30,stripe,279.76,GBP,failure,ORD-312DF6FD,2025-09-12T06:14:18Z
STR-D3523ABD,stripe,103.58,GBP,failure,ORD-5D0A5FBF,2025-07-20T19:01:41Z
FAS-522132BD,fastpay,35443,USD,paid,ORD-52CCDD1E,1758141896
FAS-B9910721,fastpay,1320,GBP,declined,ORD-553398E1,1774077424
FAS-3B17800B,fastpay,47226,GBP,declined,ORD-E33E4C4F,1755350763
PAY-3BCAB8CD,paypal,318.33,GBP,COMPLETED,ORD-4F8D27B4,02/05/2026 19:23
PAY-D40B0A61,paypal,269.57,USD,COMPLETED,ORD-B2BDE947,28/07/2025 08:16
PAY-9744154B,paypal,231.89,EUR,COMPLETED,ORD-6EC0C738,27/10/2025 07:15
STR-CA770EA1,stripe,165.95,USD,success,,2026-03-09T13:17:13Z
PAY-B409C1A6,paypal,122.62,EUR,COMPLETED,ORD-765510AD,03/04/2026 19:27
STR-26BB3EAB,stripe,472.58,USD,success,ORD-6387B0D5,2025-08-09T03:40:35Z
STR-C5855E6C,stripe,286.33,USD,success,ORD-53ECF1F0,2025-08-23T07:59:42Z
STR-C193A59B,stripe,276.25,GBP,failure,ORD-4A9E64D3,2026-01-26T15:22:20Z
PAY-641DC2CC,paypal,339.43,USD,DENIED,ORD-14888239,05/07/2025 06:04
PAY-CEA2985B,paypal,399.05,USD,COMPLETED,ORD-3883BA17,15/09/2025 00:47
STR-95924904,stripe,432.45,GBP,success,ORD-B22AA5A7,2026-02-24T09:03:02Z
PAY-5EE7FEB1,paypal,154.85,GBP,DENIED,ORD-A01947B5,27/02/2026 07:10
FAS-1CCC4150,fastpay,29519,EUR,declined,ORD-DAC72C5F,1772386911
STR-9ED9C19F,stripe,356.39,USD,failure,ORD-4D3C5A55,2026-04-19T07:51:35Z
FAS-3536CA4B,fastpay,40320,EUR,declined,ORD-E59CCE14,1776719406
FAS-84D3783E,fastpay,183,EUR,paid,ORD-E642DE0E,1769785335
STR-B2A8021B,stripe,241.48,EUR,failure,ORD-8B14B439,2025-06-06T14:45:24Z
PAY-A7DFEDD0,paypal,358.96,GBP,COMPLETED,ORD-0C6D3F12,01/03/2026 08:17
STR-C00B27E9,stripe,208.6,EUR,failure,ORD-3F49DC89,2026-02-05T16:06:36Z
PAY-7C9F231B,paypal,205.19,EUR,DENIED,ORD-C5ED8972,09/02/2026 19:49
PAY-E6CE96B5,paypal,277.56,GBP,DENIED,ORD-39093727,18/07/2025 17:59
STR-744DE32B,stripe,373.09,USD,failure,ORD-CAF33FDF,2026-02-09T16:13:01Z
STR-4FE05404,stripe,447.24,EUR,success,ORD-2ABD364E,2026-05-14T22:41:13Z
STR-2997FE30,stripe,454.06,GBP,success,ORD-E47EF291,2025-07-27T08:01:55Z
STR-C0C4F06F,stripe,207.2,EUR,failure,ORD-4EC855A1,2026-01-24T20:06:13Z
FAS-193F19A4,fastpay,2109,GBP,paid,ORD-9E842B3C,1748299777
PAY-3498D340,paypal,46.06,EUR,DENIED,,23/12/2025 11:00
PAY-A9E414BD,paypal,208.4,EUR,DENIED,ORD-4CB0A280,24/10/2025 15:46
STR-0DE49A4D,stripe,241.28,EUR,failure,ORD-A52B9CF4,2026-05-13T22:05:46Z
STR-8439273D,stripe,38.27,EUR,success,ORD-2733F7E4,2025-09-12T01:36:03Z
FAS-486520EE,fastpay,20693,EUR,paid,ORD-DC625E4A,1773953019
PAY-550D1CEB,paypal,150.13,EUR,DENIED,ORD-772F27AA,23/04/2026 16:19
PAY-E3ED6B31,paypal,220.14,EUR,DENIED,ORD-758D2EF2,23/01/2026 10:21
PAY-9F5D135A,paypal,170.13,EUR,DENIED,ORD-8DC74BDB,22/05/2026 21:47
FAS-69696357,fastpay,17358,USD,paid,ORD-497D79D5,1769211262
PAY-8DE83383,paypal,80.7,EUR,DENIED,ORD-B31375BA,24/11/2025 11:00
FAS-E5D56C9A,fastpay,11453,GBP,paid,ORD-876C41A3,1756575824
FAS-79E7E4FC,fastpay,47394,EUR,declined,ORD-18227667,1767926245
STR-F76D0288,stripe,159.77,USD,failure,ORD-43EF1728,2026-04-26T07:22:34Z
STR-8A0D142A,stripe,412.79,EUR,success,,2025-09-14T01:22:00Z
PAY-47B223F0,paypal,276.48,GBP,DENIED,ORD-27A8CCF0,28/09/2025 04:23
PAY-3318C691,paypal,52.0,USD,DENIED,,24/06/2025 20:20
STR-A1EC924F,stripe,142.07,EUR,success,ORD-81D3E177,2025-11-18T22:19:17Z
FAS-157E0197,fastpay,24173,USD,declined,,1776147467
PAY-9F59FF4F,paypal,97.97,EUR,COMPLETED,ORD-2A898C1B,19/01/2026 12:08
FAS-5998A9BB,fastpay,5626,EUR,paid,,1775920861
FAS-D86C9302,fastpay,31442,GBP,declined,ORD-19DDB8EF,1749430272
STR-001E7926,stripe,8.03,EUR,failure,ORD-9DE5B01F,2026-01-22T22:04:40Z
PAY-81A316AD,paypal,317.61,GBP,COMPLETED,ORD-1216A33A,31/08/2025 23:01
STR-3F85F524,stripe,486.58,USD,failure,,2025-06-03T23:26:48Z
FAS-6B7314ED,fastpay,43493,EUR,declined,ORD-CC9BBBCA,1757780533
FAS-6664101C,fastpay,46222,GBP,paid,ORD-2ACE5B3C,1765287059
PAY-F0161552,paypal,453.36,GBP,DENIED,ORD-11F5912C,11/12/2025 06:46
STR-3B08B532,stripe,266.57,EUR,failure,,2025-12-16T05:34:34Z
FAS-BB56EEAE,fastpay,39747,GBP,paid,ORD-796D1F96,1774984937
FAS-CF0FE862,fastpay,17435,EUR,paid,ORD-460E64D9,1761367381
PAY-E15D285F,paypal,495.36,EUR,DENIED,ORD-C711C670,15/10/2025 23:13
PAY-82278EFF,paypal,457.46,EUR,DENIED,ORD-DB5FD976,10/10/2025 00:34
STR-6B2B9FBC,stripe,189.81,EUR,failure,ORD-6F7B7D36,2026-03-22T00:18:07Z
FAS-21DEADD7,fastpay,19475,EUR,declined,ORD-C1C549CB,1777692164
PAY-9C78FA73,paypal,140.55,EUR,DENIED,ORD-91AAC90B,09/07/2025 23:42
PAY-441B3617,paypal,224.96,GBP,COMPLETED,ORD-6442DF05,16/07/2025 06:16
FAS-BB83EE2B,fastpay,5952,EUR,paid,ORD-F9242AC9,1779365302
STR-A63B562A,stripe,396.1,EUR,failure,ORD-7D476204,2026-02-11T23:01:15Z
FAS-3D3C12A1,fastpay,40514,GBP,paid,ORD-737E8AFE,1772253706
FAS-CCCADBEB,fastpay,7396,GBP,paid,ORD-B5164626,1768231128
FAS-9CD1B57D,fastpay,40635,EUR,declined,ORD-FCB66BB8,1754952406
STR-7E066E4E,stripe,171.52,GBP,failure,ORD-6E00BD52,2026-04-17T10:00:33Z
STR-FE58410E,stripe,258.8,EUR,failure,ORD-E96C28CF,2025-08-25T22:47:23Z
FAS-A801E3F8,fastpay,17627,EUR,paid,ORD-C987B0FB,1767355459
FAS-CEEBEAF4,fastpay,35698,USD,declined,ORD-BC86F5DD,1754188647
FAS-39CD7F94,fastpay,38621,GBP,paid,ORD-472106D8,1759546546
FAS-1B6C87C9,fastpay,47258,EUR,paid,ORD-B542E4C5,1775953311
STR-5CFDCC10,stripe,458.71,EUR,success,,2025-11-13T11:08:01Z
PAY-1AA6F383,paypal,274.42,GBP,COMPLETED,ORD-882B2E07,08/01/2026 06:17
FAS-457B479A,fastpay,48834,EUR,paid,ORD-5C92EA77,1779004325
FAS-4615A91A,fastpay,48802,EUR,declined,ORD-FD79EBC5,1766830271
STR-745E640E,stripe,323.98,GBP,failure,,2025-12-03T23:34:34Z
FAS-AD95BA76,fastpay,9663,EUR,paid,ORD-D27E7D8E,1748968834
STR-D17CDC77,stripe,335.92,EUR,failure,ORD-E50C4DB9,2025-07-28T07:32:03Z
PAY-09CA7077,paypal,482.83,GBP,DENIED,ORD-37025D8E,05/01/2026 18:49
PAY-65D7E409,paypal,329.67,GBP,DENIED,ORD-97699D48,09/05/2026 01:21
STR-AD886474,stripe,210.49,GBP,success,ORD-EAF83C44,2026-03-20T08:43:12Z
FAS-B80915E6,fastpay,38010,EUR,paid,ORD-6E7FD469,1773879679
STR-A97DD15E,stripe,55.18,EUR,success,ORD-1E47DCCA,2025-07-05T03:48:06Z
PAY-7DE8993A,paypal,151.67,USD,COMPLETED,ORD-13B6F96D,02/01/2026 20:36
FAS-099A4AAE,fastpay,42899,USD,declined,ORD-DBB47551,1763310509
FAS-C16C6C74,fastpay,24553,EUR,paid,ORD-92375C54,1766100919
STR-2741EA80,stripe,76.13,EUR,failure,,2025-06-11T20:36:27Z
FAS-43D59C72,fastpay,18625,USD,declined,ORD-FD90D941,1761878419
PAY-CCFFB44A,paypal,352.55,GBP,DENIED,ORD-619FAB6B,28/10/2025 21:18
STR-D833E2ED,stripe,230.85,EUR,success,ORD-ED95C5EE,2026-02-01T13:14:57Z
STR-7A45F276,stripe,157.36,GBP,failure,ORD-40730843,2025-09-12T22:22:48Z
FAS-9835880B,fastpay,10947,USD,paid,ORD-13E0B5CC,1768435493
FAS-A5173F9E,fastpay,31866,EUR,paid,,1769302093
PAY-216CA68E,paypal,53.87,EUR,COMPLETED,ORD-D0A2F063,30/06/2025 07:29
STR-E7B148A9,stripe,148.16,GBP,failure,ORD-EA247B07,2025-11-20T10:44:31Z
PAY-DECA497E,paypal,91.74,USD,COMPLETED,ORD-D4CB6D2B,27/02/2026 19:22
FAS-D147DD71,fastpay,30293,USD,paid,ORD-AE9F34E2,1776051913
STR-C778210F,stripe,225.54,EUR,failure,ORD-B4E4082D,2026-01-24T00:49:12Z
STR-8B313ACF,stripe,249.2,USD,failure,ORD-17E4EC0B,2025-08-31T13:35:26Z
FAS-159E1BCA,fastpay,34099,USD,paid,ORD-7A0667E4,1772429881
PAY-4EA4E305,paypal,336.98,EUR,COMPLETED,ORD-E7B1D3A7,26/10/2025 01:38
STR-E4631F82,stripe,150.64,USD,success,ORD-7B638790,2026-04-02T00:09:32Z
FAS-27000678,fastpay,7788,EUR,declined,ORD-069C75C2,1771642060
STR-4C4193C5,stripe,485.84,GBP,success,ORD-B8A7720D,2026-04-18T06:02:13Z
FAS-AFA538D3,fastpay,35230,EUR,paid,ORD-520C0274,1751464051
FAS-647A4AF3,fastpay,18635,USD,paid,ORD-35C53829,1756110183
STR-74B3D521,stripe,226.57,EUR,failure,ORD-77D87BCF,2025-12-20T16:29:02Z
FAS-1E405D6E,fastpay,16207,EUR,declined,ORD-75A60F15,1754712172
PAY-9C15878A,paypal,482.22,USD,COMPLETED,ORD-83A45044,11/12/2025 17:18
FAS-37ABED34,fastpay,13135,GBP,paid,ORD-AB51F784,1767104528
PAY-E1824688,paypal,161.21,USD,COMPLETED,ORD-A530146C,15/03/2026 00:34
STR-76E23C96,stripe,13.61,GBP,success,,2025-06-29T01:10:49Z
FAS-3FD3A42D,fastpay,13263,USD,declined,ORD-026335E9,1751667189
FAS-31981F04,fastpay,17800,EUR,declined,ORD-38BB8A65,1750755849
FAS-882043B4,fastpay,39448,EUR,paid,ORD-8CE5D34C,1774297555
STR-FCCB0416,stripe,22.97,USD,success,ORD-6E491822,2025-12-12T04:51:48Z
FAS-2A4A8BC2,fastpay,13348,EUR,paid,ORD-D803052C,1756232145
STR-105FD075,stripe,89.4,EUR,failure,ORD-28B73D09,2025-05-25T09:19:56Z
PAY-61649AD7,paypal,244.9,USD,DENIED,ORD-F9085C0D,19/01/2026 07:08
STR-72C63822,stripe,396.75,EUR,success,ORD-33646DA2,2025-11-07T11:28:21Z
PAY-6A11F7B7,paypal,469.59,USD,DENIED,,17/08/2025 23:59
PAY-01FC5226,paypal,376.44,GBP,DENIED,ORD-07D65965,19/10/2025 12:27
PAY-FE43715D,paypal,23.58,GBP,COMPLETED,ORD-54ED92D6,09/11/2025 22:13
FAS-27C22F15,fastpay,32028,EUR,declined,ORD-A7D34427,1769694499
STR-A6BE8177,stripe,48.27,GBP,success,ORD-9B7AC834,2025-11-01T19:02:15Z
PAY-EFD67B05,paypal,1.84,GBP,COMPLETED,ORD-4A8BAF38,23/05/2026 10:25
STR-EA2CE452,stripe,473.85,USD,success,ORD-68796825,2025-08-12T12:37:27Z
STR-98C69BE5,stripe,227.23,EUR,success,ORD-CE37B404,2025-09-04T10:57:01Z
FAS-69D80BD4,fastpay,43179,EUR,declined,,1768690264
FAS-AD22FF92,fastpay,31858,GBP,paid,ORD-5B4C46DE,1751573128
STR-3E46ED49,stripe,193.21,EUR,success,ORD-267B09B2,2025-08-12T04:45:53Z
STR-4EC8B5E6,stripe,389.69,GBP,failure,ORD-7C72DFF0,2025-11-25T22:54:05Z
PAY-286A2C9C,paypal,4.38,EUR,DENIED,ORD-85F3F442,24/07/2025 09:03
FAS-851392A9,fastpay,13562,GBP,declined,ORD-618DE1E3,1748492133
FAS-98A61964,fastpay,48177,USD,paid,ORD-F9ADB8A4,1760157628
PAY-076C73C4,paypal,384.53,USD,DENIED,ORD-E8260A9E,26/06/2025 23:14
FAS-3A65F0F4,fastpay,5472,EUR,declined,ORD-1E32C4AC,1767275092
STR-E73207EF,stripe,258.48,USD,success,ORD-7FBCDEB7,2025-10-06T10:35:13Z
FAS-BB56EEAE,fastpay,39747,GBP,paid,ORD-796D1F96,1774984937
STR-820877ED,stripe,62.49,USD,success,ORD-51F195AC,2025-12-20T00:54:54Z
PAY-67E78F81,paypal,141.6,GBP,COMPLETED,ORD-62B7D73E,03/03/2026 12:28
PAY-923714EF,paypal,85.46,EUR,DENIED,ORD-C111A98C,10/11/2025 19:16
PAY-BC75D546,paypal,225.58,USD,COMPLETED,ORD-AF4FE190,13/01/2026 04:46
PAY-655527DE,paypal,82.09,EUR,DENIED,ORD-CCE70BC5,24/06/2025 01:32
STR-C253EBC6,stripe,115.23,EUR,success,ORD-A01AC205,2026-04-30T18:44:41Z
PAY-2A1A0B21,paypal,416.59,GBP,DENIED,ORD-EE77067E,22/05/2026 15:53
FAS-361C5CF4,fastpay,30251,GBP,declined,ORD-D295DA63,1759745622
STR-7D233C60,stripe,168.81,USD,failure,ORD-477CE10D,2026-02-03T02:56:37Z
PAY-CCFFB44A,paypal,352.55,GBP,DENIED,ORD-619FAB6B,28/10/2025 21:18
FAS-91A39E4C,fastpay,11450,EUR,paid,ORD-8AB7330C,1767788764
STR-D98C6A10,stripe,343.72,GBP,failure,,2025-08-09T22:42:40Z
FAS-B5A38A2E,fastpay,28061,GBP,paid,ORD-07F9594B,1777955759
STR-FE78DF5B,stripe,293.61,GBP,success,ORD-1A9CD502,2025-10-24T05:04:35Z
PAY-BBE468BA,paypal,11.1,USD,DENIED,ORD-F6F96AB4,04/05/2026 07:35
STR-093FAFE3,stripe,296.46,USD,success,ORD-4F947B81,2026-04-10T00:55:00Z
STR-31516B45,stripe,314.1,USD,failure,ORD-7081EC84,2025-07-19T21:08:51Z
FAS-1104404F,fastpay,14515,EUR,paid,ORD-590097A1,1775533761
PAY-648982B3,paypal,170.6,USD,DENIED,ORD-0247A4C2,01/08/2025 13:34
PAY-2898F043,paypal,111.56,EUR,COMPLETED,,29/03/2026 02:59
PAY-91EFE085,paypal,477.35,USD,COMPLETED,ORD-65AB7687,02/02/2026 10:19
STR-89959794,stripe,384.72,USD,failure,ORD-C190A53A,2025-09-05T10:52:33Z
STR-D78D5333,stripe,217.9,GBP,failure,ORD-9A8CCDFE,2025-08-11T16:52:35Z
STR-6EFAF617,stripe,23.93,GBP,failure,,2026-02-11T02:15:12Z
FAS-A1691248,fastpay,43508,EUR,declined,ORD-F413EADE,1777327230
FAS-159A5F3D,fastpay,47211,USD,declined,ORD-2344C438,1770755768
PAY-EB2D196E,paypal,387.32,EUR,DENIED,ORD-3C3DAB67,23/12/2025 14:21
FAS-D6EA3826,fastpay,12716,GBP,declined,ORD-2E1CCD1B,1773444499
STR-275CE937,stripe,25.07,USD,success,ORD-2E3F658C,2026-03-19T18:59:29Z
STR-E1053D22,stripe,449.55,USD,failure,ORD-7C54FCD0,2026-01-11T23:50:19Z
STR-3085F5AB,stripe,159.58,EUR,failure,ORD-BB53E75A,2025-06-11T00:09:42Z
STR-4C70E908,stripe,383.91,GBP,failure,ORD-104F2595,2025-12-12T03:40:38Z
STR-117BA665,stripe,69.38,EUR,failure,ORD-FEBA9256,2026-03-10T20:00:49Z
FAS-220A068F,fastpay,48292,USD,declined,ORD-F749DE24,1765814286
STR-70FB86F9,stripe,424.1,EUR,failure,ORD-D989495D,2025-08-31T01:02:24Z
PAY-94338F71,paypal,331.31,USD,DENIED,ORD-2855482A,02/05/2026 00:41
STR-2C6A1FFA,stripe,332.0,GBP,failure,ORD-2A4B46CB,2025-08-20T01:18:28Z
STR-67F4B91E,stripe,478.9,USD,failure,ORD-3B9B27DF,2025-06-20T13:49:16Z
FAS-EB5F2445,fastpay,3308,GBP,declined,ORD-4C387509,1764543589
PAY-89D66D80,paypal,442.43,USD,COMPLETED,ORD-CA3AB885,02/06/2025 03:31
PAY-B75B938E,paypal,277.72,EUR,COMPLETED,ORD-4BB908EB,15/05/2026 15:26
STR-CAD607AE,stripe,442.82,EUR,success,ORD-E9CC3ADE,2026-01-25T17:00:10Z
STR-E0260688,stripe,273.19,USD,failure,ORD-0839F3E2,2025-12-05T22:35:24Z
STR-6E2A67E8,stripe,324.17,GBP,failure,ORD-A6812A8A,2025-06-18T23:22:12Z
STR-C2FF2B67,stripe,483.48,EUR,failure,ORD-00A8EF17,2025-08-28T01:22:53Z
FAS-D22C2738,fastpay,16453,EUR,paid,ORD-EAF463E0,1757983112
STR-AEFEA205,stripe,188.95,EUR,failure,ORD-71F8D0F5,2026-02-15T13:56:29Z
FAS-85F3AD2D,fastpay,33775,USD,paid,ORD-E515A090,1764814781
FAS-76F5357C,fastpay,40173,EUR,declined,ORD-4942A142,1754336796
STR-1D527C04,stripe,220.1,GBP,success,ORD-BA949BAC,2025-08-21T03:54:00Z
STR-D5886FEC,stripe,320.63,USD,success,ORD-CDB82E19,2025-08-11T03:01:38Z
FAS-31981F04,fastpay,17800,EUR,declined,ORD-38BB8A65,1750755849
PAY-E1CFC7FF,paypal,325.62,EUR,DENIED,ORD-15595E12,26/10/2025 08:58
FAS-4F6558B5,fastpay,26198,EUR,declined,ORD-59DBD64B,1775329063
FAS-09CEF3BB,fastpay,28378,GBP,declined,ORD-3641D8EC,1770906821
FAS-638AC08D,fastpay,3676,GBP,paid,ORD-0E96343C,1763903575
FAS-0FF3CDD5,fastpay,18438,GBP,paid,,1760697924
PAY-876BE6FF,paypal,288.55,EUR,COMPLETED,ORD-B4DA1F3C,18/12/2025 15:52
FAS-6706439E,fastpay,4716,USD,paid,ORD-68F6166F,1766594751
PAY-E030E7C5,paypal,114.51,EUR,COMPLETED,ORD-B456B832,05/08/2025 13:29
FAS-93480912,fastpay,16988,USD,declined,ORD-E46F6328,1763598531
STR-EC7B0ADC,stripe,112.37,GBP,success,ORD-A9CBF2B4,2026-04-07T20:18:12Z
FAS-E2EB3E71,fastpay,34260,USD,paid,ORD-C80E948F,1761311264
PAY-2CA8F30F,paypal,398.37,GBP,COMPLETED,ORD-4ADF4191,27/08/2025 18:29
STR-919C4C47,stripe,256.14,GBP,success,ORD-9CF3B402,2025-11-16T22:37:12Z
PAY-A52CC6DC,paypal,121.63,GBP,COMPLETED,ORD-82A90581,18/04/2026 20:01
STR-5F624919,stripe,12.81,USD,success,ORD-4102904C,2025-12-15T03:04:12Z
PAY-3FC6746B,paypal,479.37,GBP,COMPLETED,,21/11/2025 12:26
PAY-13720A9A,paypal,336.71,USD,DENIED,ORD-8207C498,30/11/2025 11:50
FAS-0EFB3ECA,fastpay,26114,GBP,paid,ORD-2DEAB6FC,1779234723
STR-7CB914DD,stripe,172.02,GBP,failure,ORD-1669894C,2026-04-04T16:06:15Z
PAY-0BEFEEFB,paypal,306.78,USD,DENIED,ORD-80B62CE0,06/05/2026 06:35
STR-5D9E94CE,stripe,403.99,EUR,failure,ORD-10731CF7,2025-12-31T13:05:12Z
PAY-CBC6D6C2,paypal,94.1,USD,COMPLETED,ORD-B4FDB34B,30/08/2025 12:43
FAS-E8DF792A,fastpay,24142,USD,paid,ORD-75DB1CF4,1774268065
FAS-2B0FF54E,fastpay,28816,GBP,paid,ORD-1D1445F7,1756430157
FAS-E2311455,fastpay,34987,USD,declined,ORD-731B6CE5,1764318888
STR-9F33B113,stripe,487.22,EUR,failure,ORD-22287BD2,2025-08-23T12:54:59Z
STR-32FEAAC9,stripe,499.29,GBP,failure,ORD-DD15C340,2026-01-24T10:07:37Z
FAS-39F997F1,fastpay,44149,USD,paid,ORD-87700944,1774931838
PAY-DBEBE335,paypal,36.36,USD,COMPLETED,ORD-59CCA948,05/02/2026 10:21
STR-DF2A2832,stripe,91.86,EUR,failure,ORD-9DF1CE3A,2025-07-23T16:41:27Z
PAY-7A7EE878,paypal,380.91,GBP,COMPLETED,ORD-AE7E7A19,04/08/2025 21:47
PAY-1F2FDA41,paypal,455.49,EUR,COMPLETED,,26/06/2025 10:03
FAS-9CEDF3C6,fastpay,40932,GBP,declined,ORD-99853192,1758571030
STR-9C9AC2A2,stripe,135.19,GBP,failure,ORD-65BF954A,2025-12-16T01:52:25Z
STR-26A96729,stripe,404.52,EUR,failure,ORD-57B3EC3E,2025-11-04T15:15:32Z
FAS-F8CE5027,fastpay,15755,GBP,paid,ORD-5F2B207B,1774508089
PAY-565AC293,paypal,435.6,USD,COMPLETED,,11/06/2025 13:41
STR-7D257054,stripe,275.25,USD,failure,ORD-68CF9214,2025-10-20T05:16:30Z
FAS-F2FBE91F,fastpay,40330,USD,declined,ORD-EF3B1299,1779606733
FAS-7B0555BB,fastpay,49729,EUR,paid,ORD-B3BFF3D2,1779227567
FAS-12180D7C,fastpay,2738,GBP,paid,ORD-D8AE36AF,1772623816
STR-11B1ED27,stripe,359.55,EUR,failure,ORD-5F00791F,2026-04-07T15:27:22Z
STR-3C59F5C7,stripe,373.64,EUR,failure,ORD-EC4686A8,2026-03-30T01:42:53Z
FAS-5A4FA81E,fastpay,6191,GBP,declined,ORD-11A8997C,1755423374
STR-2CCC4BC3,stripe,24.06,GBP,failure,ORD-B0567FD4,2025-12-03T08:20:27Z
STR-7088496A,stripe,106.5,GBP,failure,ORD-AEF99146,2025-10-09T13:34:51Z
